store_id,sale_amount,associate,city,sale_number
12,1161.0,Troy Ferrell,New Reginaside,1874
14,1235.0,Lisa Hall,Shelbymouth,1650
11,496.0,Kristi Cook,Marvinfort,1401
4,791.0,Daniel Vasquez,Ryanshire,2637
19,-260.0,Michael Rowland,Alicialand,436
9,1495.0,Priscilla Chandler,Englishberg,49
19,1190.0,William Gardner,North Jenniferhaven,552
7,-293.0,Joshua Davis,Lake Leah,42
11,125.0,Brendan Woodward,South Georgeville,1893
17,722.0,Steve Oliver,Prestonport,1941
11,-310.0,Larry Smith,East Kaitlyn,2908
4,1325.0,James Stanley,North Hannahmouth,1676
13,866.0,Charles Goodman,Robinmouth,2511
3,1148.0,Sharon Lee,South Johnny,2392
7,14.0,Alicia Lucas,Brownport,333
6,-290.0,Curtis Rogers,New Charlesfurt,1893
15,-289.0,Brandon George,Martinezmouth,2451
16,1272.0,Kimberly Marshall,North Daniellehaven,183
6,232.0,Cynthia Miller,Kevinmouth,2016
16,-265.0,Christopher Lowery,North Diana,2901
13,1275.0,Paul Frost,Osborneberg,1663
13,1266.0,Christopher Weiss,East Charles,2417
2,235.0,Mr. Travis Evans,Ortizmouth,1318
10,-85.0,Sean Skinner,North Christopher,1948
12,534.0,Hannah Brown,Catherineshire,2258
19,-50.0,Randall Oconnell,Adammouth,1335
7,635.0,Joseph Barton,East Aaron,1023
5,48.0,Dana Anderson,West Amy,2814
2,1295.0,Jeremiah Tucker,Wardmouth,731
2,633.0,Mark Kline,South Andrew,1610
13,293.0,Raymond Williams,New Sierrastad,2470
12,1433.0,Brittany Galvan,Wallaceville,1319
1,1070.0,Brandon Salinas MD,Rodriguezfurt,1397
10,1594.0,Kathleen Garcia,Johnton,1956
11,950.0,Adam Mccarty,Leahland,441
11,1394.0,Julie Johnson,Thomasberg,1161
12,1088.0,Emily Rose,Jacobchester,776
16,854.0,Kyle Richardson,Nicholasmouth,184
5,-195.0,Samantha Roy,South Maria,816
6,606.0,Jason Adams,Wrightside,2552
15,3.0,Jessica Dixon,Wendytown,2906
17,-118.0,Cynthia Schmidt,West Donna,242
3,-214.0,Jennifer Jensen,Connorbury,1437
10,964.0,Gail Valencia,North Seanside,987
3,767.0,Stephanie Nixon,Smithshire,1580
18,162.0,Emily Crawford,Bryanton,651
12,1509.0,Carolyn Barr,Travismouth,2061
11,1163.0,Deborah Wheeler,Leemouth,2233
14,1150.0,Jessica Wiley,North Linda,1966
10,1595.0,David Grimes,Tonimouth,438
16,287.0,Anthony Carr,Lesliebury,803
16,448.0,Christian Hanson,North Zacharymouth,288
9,213.0,Laurie Baker,Julieland,1737
15,773.0,Michael Woodward,Lake Michaelton,1278
14,1052.0,Alyssa Owens,Rodriguezfort,226
14,1397.0,Sarah Willis,South Keithtown,2266
19,1188.0,Jonathan Wood,South Timfort,17
15,839.0,Jesse Delgado,West Susanhaven,1977
3,712.0,Eileen Jackson,East Jasonside,722
9,-458.0,Evan Flores,Mullenland,1277
13,636.0,Nicholas Miller,Port Peter,380
16,-248.0,Brian Roach,Turnerburgh,849
5,1169.0,Anthony Leach,Markburgh,2270
7,1209.0,Evan Mendez,Owensview,420
1,591.0,Olivia Smith,Harrisonborough,1007
5,571.0,April Cummings,West Charlesport,2048
16,902.0,Timothy Smith,East Brandifort,574
7,1029.0,Robin Robinson,Lake Ryan,1489
17,444.0,Brianna Goodwin,Pughview,2806
5,411.0,Scott Meza,South Darlene,1045
17,-344.0,Dustin Jones,Medinamouth,849
9,183.0,Keith Armstrong,Michaelview,1107
13,-234.0,Debbie Brown,North Markburgh,381
15,1247.0,Morgan Pope,Nicholsfort,2971
14,1395.0,Carlos Wolfe,Justinfurt,270
8,-94.0,Edward Tran,Tinatown,634
16,569.0,Tony Thomas,Williamschester,2976
6,-339.0,Victoria Brown,South Paul,56
9,982.0,Christian Turner,Christinaburgh,7
8,482.0,Courtney Smith,Hensonburgh,644
3,978.0,Jacob Kim,Susanbury,2866
6,1250.0,Stacy Byrd,Josephfort,1554
12,1162.0,William Dalton,Melissaberg,1560
10,-42.0,Heather Adams,Wheelerburgh,2346
11,473.0,Jessica Santiago,Josephton,2102
8,1305.0,Katie Fuentes,Lake Benjaminshire,2922
4,1156.0,Joseph Gomez,Ortizberg,2154
10,888.0,Hannah Scott,South Curtiston,1926
8,1190.0,Kimberly Nguyen,New Eric,2829
8,1310.0,Dawn Warren,Brianmouth,1849
9,403.0,Emily Horne,West Tracystad,2787
4,-399.0,Joseph Davis,Larryland,838
5,383.0,Alexis Wheeler,East Thomasburgh,2025
13,995.0,Linda Martin,West Cynthiaport,132
16,-17.0,Leslie Phillips,New Victorberg,497
12,-149.0,Sarah Carlson,Shelbyside,2449
18,6.0,Michelle Rodriguez,Lake Jacquelineburgh,1416
13,768.0,Kristin Davidson,Scottside,470
3,594.0,Holly Khan,Port Kurtfort,1055
19,-63.0,Ashley Moore,West Donald,2618
9,617.0,Amy Vance,East Michael,1937
11,900.0,Dominique Lawson,Lake Madison,2126
9,912.0,Tina Adams,North Jamie,2333
1,368.0,Richard Friedman,New Brett,731
11,813.0,Mark Davis,Frankton,1220
5,728.0,Robert Martin,Brianshire,1997
1,1358.0,Maria Lambert,Ashleyfurt,1426
9,106.0,Dustin Barnes,South Kelly,2653
11,956.0,Stephen Davis,Sandersmouth,50
14,600.0,Wanda Henderson,Ochoaberg,1100
7,486.0,Michael Walker,Port Elijah,2180
12,550.0,Pamela Guerrero,Candicechester,2957
10,18.0,Carol Bass,Hendersonport,706
10,1190.0,Miguel Reynolds,Houstonview,20
3,-294.0,Traci Nelson,Espinozahaven,2453
7,-184.0,Mary Johnson,Floresfurt,1318
4,387.0,Alexander Rogers,North Morgan,454
19,-289.0,Russell Floyd,Obrienstad,2635
3,257.0,Arthur Bush,Port Lauren,2636
10,232.0,Courtney Walker,East Shannon,938
12,782.0,Alexis Sheppard,Haastown,1942
15,111.0,Chad Green,Faulknerbury,1831
2,1144.0,Ronald Ochoa,East Michael,1225
4,71.0,Robert Hill,North Melissaton,1702
1,1329.0,Amber Deleon,Thomasshire,2026
1,1306.0,Alexandra Robinson,Rachelmouth,1171
9,183.0,Ryan Shaw,Mathewland,1110
8,1588.0,Jeremy Evans,Michelleville,1044
16,257.0,Brittany Wright,Josephview,1916
3,-3.0,Joshua Sanders,East Danny,619
12,1276.0,Christopher Jones,South Ericport,1556
13,-493.0,Jesse Ford MD,South Catherineport,1930
7,1509.0,Elizabeth Moran,Samanthaburgh,2252
5,1294.0,Casey Smith,Port Alexisview,1237
15,1364.0,Henry Carr,Annhaven,1668
19,1020.0,Kyle Porter,Lake Tiffany,2529
5,47.0,Darlene Peterson,Port Danielstad,1542
16,1191.0,James Howard,Collinsville,2302
7,-17.0,Melissa Taylor,South Matthew,1493
4,959.0,Francis Phillips,Joshualand,2334
10,745.0,Jesse Ross,Woodsland,2320
5,935.0,Jeremiah Ramirez,New Lisamouth,2858
11,-34.0,Anthony Chambers,North Brenda,1188
9,1260.0,Crystal Rodriguez,Port Audrey,604
16,-462.0,Anna Kirk,Scottfort,1153
1,-228.0,Carl Hernandez,New Richard,2718
12,-428.0,Sara Hall,Butlerview,1898
2,1444.0,Christy Castillo,North Jameschester,1497
13,395.0,Andrew Johnson,Lake Austin,469
18,351.0,Brian Walsh,West Traceymouth,2982
14,1599.0,Donna Jones,East Ginamouth,1043
16,682.0,Priscilla Walker,Fieldsville,321
19,88.0,Michelle Contreras,Bookerberg,1994
15,299.0,Isabel Hill,East Jamesbury,1036
6,597.0,Debra Hayes,Angelport,864
8,1289.0,Penny Smith,Gabrielfurt,2909
1,1034.0,Madison Lambert,Port David,2725
1,-360.0,Steven Mccann,Martinezmouth,2101
19,1059.0,Jamie Baker,North Chad,14
3,1365.0,Antonio Ross,New Sarahberg,693
17,-275.0,Madison Love,Randybury,1562
12,654.0,Anthony Young,Lake Garymouth,1295
7,171.0,Christina Stuart,West Gabrielle,2384
8,1396.0,Randall Harris,Edwardsport,1692
18,528.0,Cynthia Lara,South Vanessatown,2336
13,73.0,Kenneth Andrews,North David,1967
5,-80.0,Michelle Pennington,Aprilshire,2688
4,160.0,Julian Davis,West Melissaborough,2928
11,1283.0,Amy Lawrence,Port Deborah,506
12,862.0,Marc Lee,Michaeltown,2264
6,206.0,Nicole Clark,Lake Charlene,1615
16,1202.0,John Burns,Evanston,2574
4,1051.0,Nathan Burton,Sullivanfort,1697
10,853.0,Jordan Harris,Copelandhaven,1561
4,863.0,Lauren Gibson,Munozstad,164
3,1553.0,Randy Smith,New Barbara,2378
10,-265.0,Vincent Scott PhD,South Jackson,1387
6,1580.0,Ellen Gill,North Williamtown,2184
19,1317.0,John Buchanan,Petersborough,278
15,14.0,Christopher Garcia,Braunborough,2259
16,276.0,Shannon Patel,South Shane,54
8,875.0,Emily Carpenter,West Nicolas,488
19,1359.0,Timothy Juarez,Lake Cristina,56
8,807.0,Victor Moreno,Port Kelly,902
18,1283.0,Eric Bradley,Courtneyhaven,50
5,1236.0,John Howard,North Bethshire,1967
2,1019.0,Matthew Cooper,West Brenda,1315
15,-118.0,Sarah Young,Warrentown,2890
19,-438.0,Michael Gates MD,Raymondfort,1191
1,-255.0,Nichole Scott,Rodriguezton,650
2,959.0,Kelly Acosta,South Kelsey,112
10,281.0,Daniel Hobbs,Nicolefurt,1217
9,886.0,Elizabeth Warner,East Ryan,2874
1,-172.0,Douglas Wood,South Brittany,1656
7,874.0,Stephanie Duncan,Ralphmouth,1211
9,338.0,Robert Wilson,Michelletown,2972
16,428.0,Alexander Robbins,Dennisside,536
14,103.0,Heather Michael,South Natalie,2948
18,461.0,Harold Chang,New Anthony,2827
2,397.0,Laurie Jones,Rhondamouth,2328
15,1153.0,Yolanda Thompson,Fergusonborough,2775
9,1500.0,Michelle Carlson,North Sherryfurt,278
15,-428.0,Amber Carter,New Jamesfurt,882
17,1393.0,Erin Garner,North Karenport,2565
3,491.0,Kylie Howell,New April,1171
18,606.0,Charles Guerrero,West Taratown,718
2,518.0,Julia Friedman,Kelseymouth,112
19,-192.0,Lisa Rush,Lake Jordanburgh,2700
5,1438.0,Sheri Rogers,Port John,2212
12,-222.0,Walter Gray,Baxterborough,1804
5,508.0,Anna Hebert,Lauraton,607
9,516.0,Tanner Howard,Lake Bradley,2121
3,334.0,Lori Richards,Kennethville,1643
3,-43.0,Zachary Mcguire,Patriciaburgh,1572
15,1402.0,Travis Nguyen,North Austinfurt,1416
19,935.0,Stephanie Hughes,West Samuel,1410
11,-478.0,Melissa Jenkins,West Belindaburgh,2990
7,905.0,Paula Schwartz,Fullerfurt,1213
5,1448.0,Tara Perkins,Gonzalezstad,384
1,-101.0,Mason Mooney,East Nathan,2896
14,458.0,Jesse Blair,South Connie,820
19,-172.0,Joshua Benitez,South Tammy,754
4,-367.0,Michael Vasquez,North Sara,892
17,1555.0,Veronica Crosby,Port Melissaville,6
17,329.0,Jennifer Vasquez,North Jesus,54
8,926.0,Melinda Clark,Port Craig,2541
14,-486.0,Christine Lynn,East Garyhaven,2791
6,-94.0,Rachel Stark,East Tashaburgh,2225
16,1466.0,Ross Chen,Port Anitaton,733
16,475.0,John Blair,Mclaughlinport,749
4,33.0,Sandy Velasquez,Lake Jennifer,397
8,197.0,Donald Moore Jr.,East Theresa,1291
4,622.0,Ryan Romero DVM,Tristanfurt,1282
9,897.0,Natalie Kramer,Timothymouth,2483
7,414.0,Diamond Bailey,Jacksonside,1144
17,-105.0,Sherry Herrera,Kelseyfurt,106
1,1472.0,James Castro,Chavezburgh,2481
7,1089.0,Gabriela Hall,West Davidchester,800
7,218.0,Traci Werner,Hernandezfort,2868
3,379.0,David Torres,South Brittany,763
18,483.0,Andrea Alvarez,Port Raymond,2204
11,467.0,Manuel Ferrell,East Erinmouth,2929
10,138.0,James Vincent,East Tammy,1188
2,1146.0,David Martinez,South Nancy,2945
8,327.0,Jessica Martinez,West Brandonside,2290
13,477.0,David Grant,Lake Reginaldland,1366
7,-147.0,Jennifer Trujillo,Danielbury,1132
3,1593.0,Dr. Mary Smith,South Kevinstad,1620
14,-103.0,Jorge Prince,South Jesseland,2447
15,-343.0,Theresa James,Andersonburgh,2472
4,-481.0,Samantha Brown,Timothybury,666
15,1007.0,Madison Little,South Bradleybury,1540
5,42.0,Tyler Washington,Maldonadoburgh,2834
17,1223.0,Christopher Hampton,Chelseaport,2656
1,1560.0,Amy Montoya,Danielstad,1666
3,710.0,Michael Krueger,Baileyside,1626
3,-193.0,Samuel Alexander,Amymouth,2293
19,1186.0,Molly Ross,Lake Daniel,2666
1,-14.0,Deborah Mccarty,Caseystad,2232
1,1074.0,James Nelson,Aguirreberg,2762
2,-92.0,Dean Fields,East Michelleview,2565
17,1135.0,Laura Cooper,Codyview,2055
15,-357.0,Reginald Turner,North Lisa,2325
6,646.0,Lisa Simon,Debbieland,111
2,-41.0,Colleen Hernandez,Howetown,1942
13,24.0,Mario Garcia,Michellechester,1232
7,119.0,Matthew Ellison,New Michellemouth,1782
19,1568.0,Darryl Gutierrez,Meganhaven,1429
7,1282.0,Gloria Ramsey,Nguyenton,368
8,518.0,Richard Sanchez,Lindafurt,409
13,1120.0,Annette Morgan,Davidberg,2251
4,1336.0,Heather Taylor,Torresfurt,2295
11,869.0,Angela Mack,West Anna,2514
5,1005.0,Amber Martin,Gregorychester,1383
4,-325.0,Jay Davidson,East Samantha,2626
1,565.0,Elizabeth Webb,Port Stevenstad,2114
8,440.0,Angela Williams,North Erica,1852
16,180.0,Justin Bradley,East Mitchellburgh,1972
3,204.0,Annette Ellis,New Zachary,2266
9,935.0,Lauren Patrick,Port Johnnyshire,2098
10,1106.0,James Jordan,Port Juliafurt,1979
8,842.0,William Stewart,New Amanda,1791
12,577.0,Stephanie Murphy,South Johnburgh,1937
18,-87.0,Steven Beltran,New Clayton,1027
6,105.0,Christopher Reyes,Amandaton,648
16,-16.0,Laura Rodriguez,East Scott,2449
6,677.0,Jason Garcia,Knappstad,1498
11,1153.0,Jason Hickman,North Justin,1675
9,463.0,Kristin Bradshaw,Moodyview,2627
19,1221.0,Stephanie Schwartz,Cisnerosside,2764
14,-92.0,Katie King,Port Brian,453
7,890.0,Jason Wright,Port Amy,1616
13,743.0,Donna Weber,Mcgrathfort,2219
2,1301.0,Guy Valdez,South Anne,1019
9,295.0,Bryan Chandler,North Julietown,476
7,1581.0,Wendy Payne,South Levitown,2561
9,1128.0,Angela Shaw,New Arthurland,372
1,1208.0,Dustin Avila,New Stephen,1733
5,794.0,Ray Dudley,New Melissashire,2879
8,1230.0,Timothy Hayes,Taylorberg,352
10,780.0,David Huff,South Hayden,2298
8,39.0,Matthew Jones,Lake Pamela,642
4,1312.0,Barbara Herring,New Christopherside,2600
16,44.0,Lindsey Moore,Williamport,840
17,-264.0,George Thompson,West Dominiqueview,1289
15,1503.0,Jason Erickson,Meganmouth,1723
14,823.0,April Cabrera,Lake Stacytown,1260
2,-488.0,Ryan Mason,Jenniferland,1013
15,589.0,Martin Ingram,West Austin,1507
6,564.0,Tracy Gillespie,New Raymondchester,719
18,328.0,Robin Wilson,East Morgan,1793
7,40.0,Jacob Solis,East Stacyburgh,1374
3,233.0,Nicole Watson,Cruzstad,1011
4,1339.0,Cassie Lee,Conwayside,116
16,1281.0,Chelsea Duarte,New Jamesberg,338
14,576.0,Charles Rodriguez,Caseystad,251
15,-191.0,Traci Strickland,Morganbury,2365
8,-266.0,Sierra Serrano,Leroyfort,1193
18,292.0,Charles Durham,West Richardport,2470
8,859.0,Miranda Webb,West Pamelaport,949
14,306.0,Andrew Sanchez,South Ronald,140
10,168.0,Justin Price,Hollyhaven,2067
3,-342.0,Heather Hayes,Kevinland,2452
11,1237.0,Mary Mills,South Robertstad,982
15,690.0,Gregory Kerr,Baileyfort,2789
5,-383.0,David Thomas,New Stephanie,2373
13,1008.0,Justin Anderson,Michealborough,449
3,9.0,Kim Sweeney,Lake Josephland,1520
9,826.0,Jacqueline Hall,East Colleen,614
4,653.0,Amanda Tucker,Marthafort,1192
11,-269.0,Joseph Lee,Ashleyview,1347
15,1227.0,Rose Thomas,New Aaronfort,1047
8,1491.0,Hunter Hall,Lauraborough,2472
11,-429.0,Jeremiah Davis,Lake Christopher,1573
16,1370.0,Justin Barker,West Sarah,2548
17,912.0,Russell Horton,Lake Jeremy,2136
10,-274.0,Jacob Clark,Carterchester,1480
1,1515.0,Jennifer Miller,West Michael,1857
16,420.0,Douglas Daniels,Jacquelinefort,2349
12,934.0,Stacy Rodriguez,New Victoriashire,1976
14,260.0,Dean Contreras,Port Christina,2113
6,32.0,Lucas Morris,Brianaborough,329
12,457.0,Jacob Luna,Port Brentport,1151
9,-428.0,Brian Smith,North Diana,2224
7,1240.0,Brenda Smith,Kirkton,1590
8,837.0,Robin Brown,Martinview,430
10,1487.0,Brittney Lindsey,North Jonport,2959
15,1176.0,John Klein,Jacobburgh,2338
12,4.0,Justin Mathews,West Paul,512
3,1118.0,Jonathan Young,Port Ginashire,2370
5,1399.0,Joshua Pratt,Diazmouth,1854
4,1398.0,Luis Martinez,Kellymouth,2594
8,1275.0,Carol Mcintosh,Maryland,453
16,-401.0,Karla Bailey,Santanatown,1635
5,-260.0,Pamela Chung,North Annamouth,2962
5,526.0,Brandon Perez,West Johnview,2776
6,393.0,Mark Suarez,East Ericaville,2887
14,1286.0,Angela Nguyen,Coxmouth,1537
1,-470.0,Amanda Jones,Lake Jason,687
17,552.0,Teresa Peterson,Leetown,190
4,-405.0,Melissa Herrera,Pooleville,2115
10,-484.0,Matthew Garza,New Michael,1258
1,862.0,Christopher Moore,Melissaland,1231
9,969.0,Cheryl Williams,New Natasha,1368
19,1057.0,Gregory Baker,Shannontown,466
11,746.0,James Morgan,West Heidi,1120
3,1581.0,Peter Allen,New Charles,352
13,316.0,Eddie Steele,South Bradleyhaven,906
17,767.0,Dennis Williams,Nicholsland,717
13,1117.0,Samantha Cochran,Gabriellemouth,2922
9,306.0,Sherry Anderson,North Janeland,2709
11,1278.0,Larry Gaines,North Alexander,499
15,654.0,Brian Rivera,Port Sarahborough,1399
14,1422.0,Sandy Frazier,Douglasfurt,885
18,111.0,Colin Johnson,South Jeremy,1298
17,864.0,Eduardo Lee,Jameshaven,1080
17,446.0,Allen Luna,Brittanytown,384
5,-238.0,Christopher Cohen,New Candace,2600
3,414.0,Victor Jarvis,North Zacharymouth,574
7,794.0,Kristen Anderson,Lake Robert,1334
2,-374.0,Jill Ramirez,South Arthurborough,836
13,-10.0,Gregory Walter,New Adam,455
19,1396.0,James Ortiz,West Justinfurt,1422
14,771.0,Michael Weeks,East Jennifermouth,1289
17,1582.0,Lisa Mclaughlin,North Tylerville,1638
14,1275.0,Pamela Henderson,Laurenfurt,2154
17,14.0,Brian Doyle,Taylorside,2306
10,-309.0,Kathryn Carroll,Nicholasberg,1511
3,818.0,Janet Gallagher,Port Noahberg,2947
11,681.0,Kenneth Lawson,Hoodhaven,641
6,1246.0,Beverly Martinez,Rowebury,1506
17,1195.0,Stephanie Lewis,Watersport,870
8,-370.0,Samantha Garcia,Larryhaven,573
6,-90.0,John Weaver,Williamstown,569
15,141.0,Daniel Jones,North Johnhaven,5
1,730.0,Joshua Phillips,East Tracymouth,1287
9,-92.0,Jade Morgan,Perezville,572
6,878.0,Kathryn Walker MD,West Whitney,2340
2,-211.0,Nancy Avery,Clementshaven,1158
8,1348.0,David Stephenson,Turnershire,2660
8,1354.0,Andrew Diaz,Bryanthaven,1099
18,196.0,Tiffany Walker,South Darleneside,2069
5,214.0,Christopher Taylor,Lake Jonathan,2870
18,-359.0,Charles Garcia,Odomland,2406
15,1174.0,John Johnson,South Bethanyberg,177
14,-117.0,Michelle Morgan,Kellyborough,2231
1,132.0,Jennifer Medina,Younghaven,2677
12,197.0,Maria Flores,Jameschester,2613
16,316.0,Joshua Garcia,South Margaretstad,2599
11,1508.0,Theresa Harrison,Lake Jacob,65
13,521.0,Chad Hayes,Schneiderland,1958
2,754.0,Steven White,Jaimeburgh,229
10,847.0,David Reid,West Ashleyburgh,2231
15,1576.0,Kelsey Saunders,Courtneymouth,1656
15,809.0,James Smith,Pottsberg,1815
3,784.0,Mrs. Tracy Stevens,Mathewsland,1221
18,225.0,Robert Martin,South Robertfort,1986
11,235.0,Ashley Young,Port Eric,2447
12,1122.0,Tyler Graves,Barnettland,536
7,1114.0,Kristen Lowery,New Bradley,856
14,507.0,Patricia Harris,Port Samantha,1764
8,-443.0,Richard Johnson,West Sherri,655
14,123.0,Jeffrey May,South Donside,2022
18,363.0,Mark Martin,Guzmanborough,2635
18,-453.0,Eric Schultz,Michaelville,1109
7,972.0,Lauren Sanchez,Port Daniel,73
9,888.0,Andrea Baldwin,Markside,2608
3,-246.0,Mitchell Lucas,Toddside,840
17,-327.0,Shannon Rasmussen,Elijahbury,324
13,1304.0,Cory Padilla,Holmesland,2304
10,1447.0,Andre Kelly,New Shellyport,2285
7,1101.0,Kristen Browning,West Thomas,1037
17,405.0,Mary Nichols,North Josephmouth,752
17,-357.0,Jeffrey Evans,East Gregory,239
18,-295.0,Elizabeth Blair,South Michael,2079
19,-384.0,Brenda Wood,East Coryport,1856
12,1287.0,Amy Graham,Port Davidhaven,2237
16,19.0,Cindy Johnson,New Stevenfurt,2766
6,164.0,Alicia Williams,South Alvin,1487
19,1201.0,Wesley Tanner,West Paulport,2172
11,1161.0,Gregory Vega,South Richard,2924
2,477.0,Ryan Evans,Annside,2327
18,-494.0,Manuel Hart,Lake Juanfort,2733
17,1464.0,Christina Smith,Alejandroburgh,1771
7,519.0,Kenneth Browning,South Brandonfurt,782
11,-332.0,Alexis Green,Andersonmouth,1150
10,315.0,David Kemp,New Bretttown,910
7,674.0,William Johnson,Dunnstad,2082
18,500.0,Kathryn Miller,North Dennis,594
10,47.0,Patrick Walker,Gillside,585
11,387.0,Jennifer Hooper,Nicholasfurt,2516
12,1036.0,Carolyn Griffith DDS,Mccarthyborough,1244
1,-269.0,Deborah Morton,Joshuafort,2696
6,306.0,Anthony Johnson,East Juliebury,1275
19,1560.0,Mike Mcknight,Peterhaven,2556
12,-57.0,Teresa Norris,South Michelle,1410
3,43.0,Larry Walton,New Gregory,1738
3,499.0,Amber Waters,West Brady,2330
7,198.0,Matthew Nelson,Wilsonburgh,2464
4,256.0,Cody Parker,North Spencer,2784
3,-439.0,Lisa Gonzalez,South Tyler,2712
1,-477.0,Dana Mendez,North Tonya,1582
5,893.0,Amy Smith,Port Christina,996
8,850.0,Charles Christian,Port Lisa,469
6,1311.0,Anthony Rivera,Port Angelmouth,2590
7,967.0,Wayne Singh,Harrisland,908
2,929.0,Michele Cisneros,West Mirandahaven,1286
19,-198.0,Lisa Diaz,Crystalmouth,1932
15,-403.0,Allison Steele,Fordfort,2129
17,1562.0,John Gardner,North Amanda,2738
9,918.0,Amy Warren,South Staceyfort,1790
1,1246.0,Kyle Morgan,Port Michaelview,1194
4,-242.0,Erika Mills,Lake Williamton,1790
13,469.0,Kyle King,Sethberg,128
12,16.0,Karen Brady,Jonesburgh,442
10,138.0,Nathan Preston,Perryside,1420
12,245.0,Kimberly Decker,Christophertown,919
12,6.0,Courtney Goodwin,Madelinefort,2552
13,221.0,Krystal Gill,East Timothy,2865
16,1497.0,Lauren Young,New Jose,2154
9,527.0,Jeremiah Shaw,Samuelbury,1381
12,406.0,Victoria Grant,New Johnberg,2253
13,1213.0,Sheri Marshall,Johnfort,2266
13,-365.0,Claudia Murphy,Sarahtown,510
7,614.0,Kayla Harrison,Sarahtown,1368
16,1438.0,Ryan Mccarthy,East Davidstad,191
3,-375.0,Darren Best,West Nancy,1344
1,1367.0,Adrienne Ward,West Ashleystad,1076
13,-219.0,Ian Cantrell,East Tiffanymouth,2792
11,505.0,Mr. Paul Kelley,East Benjamintown,402
9,252.0,Jennifer Fisher,Foleyport,1426
16,230.0,Marcus Blake,West Tonytown,2229
7,593.0,Rebecca Hutchinson,Grayland,2080
17,129.0,Mary Howell,Melissachester,2166
5,236.0,Jared Miller,Franklinstad,2672
11,-294.0,Nicholas Ramirez,North Larry,308
7,-303.0,Elizabeth Hernandez,Port Taylorfort,2701
10,453.0,Steven Gonzalez,Port Michelleville,504
10,323.0,Tracy Larsen,Brendanfurt,1856
6,-423.0,Eric Dixon,West Kimberlyberg,2939
19,1295.0,Craig Collins,Ginachester,2271
10,1196.0,Katherine Reilly,Leemouth,1167
9,1011.0,Christopher Taylor,North Jason,1590
11,-16.0,Michael Rodriguez,New Timothy,1343
10,-445.0,James Johnson,East Juliahaven,316
6,336.0,Brittney Rice,Port Blakebury,1573
7,1378.0,Keith Hall,New Joshuaberg,377
2,22.0,Sheila Nelson,Lynchborough,1314
13,630.0,Taylor Rosario,East Anthonyhaven,2308
19,313.0,Tracey Moore,Port Michaelberg,516
15,327.0,Vincent Wilson,Danielleland,60
12,451.0,Andre Roberts,Scottfurt,1583
14,930.0,Deborah Cruz,South Diane,623
9,722.0,Victoria Wang,West Michael,2550
8,677.0,Jessica Pierce,Ericland,966
15,1342.0,Patrick Wang,Riverafurt,1532
18,855.0,Elizabeth Mejia,Lake Brittany,1761
14,254.0,Christopher Jones,Crawfordchester,1873
13,63.0,Matthew Knox,Cookchester,2519
8,1180.0,Jessica Bennett,West Matthew,1114
5,808.0,Cynthia Tran,East Robertton,697
1,1358.0,Meghan Cook,North Richardberg,1924
17,118.0,Nicole Johnson,Williammouth,2861
19,622.0,Alexis Mccoy,North Stephanie,165
7,1311.0,Amanda Green,Brandtview,454
8,-28.0,Derek Kramer,North Katherine,1959
13,-35.0,Joseph Mitchell,East Robert,674
10,1408.0,Linda Munoz,East Thomas,1981
17,642.0,Lori Cole,North Savannahberg,2375
19,-6.0,Kimberly Baker,Morganbury,1951
15,458.0,Cheryl Holmes,Lake Mollyhaven,2668
13,964.0,Lee Wilkins,East Cindy,2574
14,389.0,Kelly Navarro,Cantumouth,19
6,1497.0,Andre Cantu,New Elizabethview,2651
13,687.0,Jeffrey Davis,Torresstad,2408
14,833.0,Shannon Chen,East Melissa,242
9,88.0,Rebecca Jones,Maryfort,701
10,-366.0,Harold Wong,Walkerport,2967
19,1004.0,Cynthia Brown,Lake Joycetown,2445
10,228.0,Luke Smith,West Tanya,1363
2,557.0,Jacob Le,West Ericaburgh,1326
2,1168.0,Kathryn Griffin,Donnaborough,229
8,231.0,Linda Patterson,South Michael,486
3,1558.0,Robert Thomas,New Aaron,248
11,432.0,Heather Gordon,East Melissahaven,2790
1,1437.0,Jacqueline Hughes,Thomasside,18
17,807.0,Krista Flynn,Lake Carlos,2446
11,1120.0,Mrs. Carla Ayala MD,Millerberg,1251
14,-195.0,Nicholas Johnson,North Connie,84
18,50.0,Alexander Flores,North Cheyenne,2757
12,1500.0,David Hayes,Port Jennifer,1546
1,-152.0,Eric Morris,Millerburgh,1793
15,12.0,Dr. Nancy Barr,Silvamouth,2009
2,615.0,Jessica Flores,Victoriastad,1260
3,663.0,Nicholas Franklin,North Amy,1103
3,60.0,Francisco Wright,Lake Amber,728
5,488.0,Holly Freeman,West Laurentown,1779
15,776.0,Anita Wilkinson,Roybury,2372
6,1032.0,Dalton Smith,North Catherine,17
10,504.0,Margaret Turner MD,Lake Tracy,1417
7,1061.0,Benjamin Hamilton DVM,Haleystad,2893
9,-267.0,Dr. Shelby Bailey,New Meganshire,375
2,734.0,James Whitney,West Mary,2283
7,85.0,Brian Meyer,South Cynthia,454
10,-480.0,Kathryn Bridges,Stewartfurt,1781
1,1026.0,Omar Smith,Jonesmouth,2591
6,1423.0,Karen Hernandez,Port Charlesmouth,1372
13,-231.0,Justin Whitaker,Rodriguezland,1703
15,-306.0,Courtney Miller,New Nicholasview,1051
7,948.0,Jason Porter,East Paul,1746
14,642.0,Nicholas Keith,South Jonathan,1698
19,-467.0,Robert Campbell,Port Tara,151
1,597.0,Richard Gay,North Kyle,1980
3,749.0,Rachel Moore,Morrischester,2653
17,-116.0,Kathryn Roth,Jamesland,661
14,308.0,Brandon Hensley,Jacobview,2412
16,1.0,Ruben Weber,Maryville,184
15,440.0,Dylan Williams,Chasemouth,1562
15,1059.0,Laura Washington,South Jamieborough,2970
16,141.0,Jordan Williams,Brittanybury,943
2,-450.0,Jennifer Jones,Lyonshaven,2607
1,357.0,Kenneth Roman,South David,1612
4,345.0,Brett Castillo,Amyport,2985
8,792.0,Randy Burton,Cruzburgh,369
6,826.0,Michael Adams,Owenston,1069
8,-254.0,Angela Mcfarland,Hayesshire,237
4,1180.0,John Patterson,Herreraport,956
19,990.0,Robert Campbell,Lake Vanessa,228
4,-72.0,Ashley Ochoa,West Pamelaville,2781
4,-393.0,Todd Bryan,New Michael,1084
12,301.0,Jeremy Herring,West Renee,183
6,95.0,Justin Butler,Stevenfort,625
8,718.0,Joshua Kelly,Karenburgh,2896
9,970.0,George Hartman,Singhville,1564
14,1543.0,Nicole Espinoza,Jerryside,2719
7,971.0,Sara Turner,Richardside,159
16,1167.0,Aaron Foster,Robertview,1699
19,1568.0,Pamela Jones DDS,Torresstad,978
6,529.0,Debbie Estrada,Kristiehaven,2258
1,350.0,Anna Griffith,Amberhaven,944
17,786.0,Samuel Lopez,New Jason,2371
9,1436.0,Michael Sullivan,Port Kennethton,1810
11,1435.0,Jamie Blankenship,North Mistychester,2897
5,113.0,Robert Davis,Thomasmouth,1588
16,941.0,Jillian Quinn,Saraview,178
3,315.0,Jessica Chen,Gomezchester,1978
17,515.0,Kristine Smith,North Henry,1120
1,-214.0,Sarah Davila,Jeremychester,240
16,-388.0,Tony Mullen,East Lisastad,2571
13,1116.0,Walter Hernandez,Ewingmouth,48
10,631.0,Dr. Susan Craig,Michellefurt,2884
11,212.0,Ronald Carter,Erikton,776
2,655.0,Juan Estes,East Wandabury,2860
4,1510.0,Kari Little,South Katherine,1555
18,540.0,Timothy Morse,Lindamouth,2015
7,1526.0,Johnny Reynolds,Tiffanyburgh,201
3,796.0,Ashley Garrison,West Adam,1491
18,820.0,Jennifer Parker,Andreaside,1364
13,165.0,Marcia Mckinney,Robertmouth,1965
9,762.0,Michelle Gonzalez,Christopherville,161
16,883.0,Nancy Guerrero,New Ericport,1507
16,480.0,Rebecca Johnson,South Craigborough,1112
10,113.0,Michael Evans,Aguilarton,1178
8,332.0,Michelle Reyes,Russellborough,1470
14,-454.0,Lauren Mathews,South Shellybury,1175
4,1200.0,Kimberly Murphy,Lake Misty,1983
3,-399.0,Jose Ray,Lake Cody,642
13,1532.0,Robin Thomas,South Adrienne,361
18,152.0,Kimberly Smith,Lake Brett,1568
7,-4.0,Leah Townsend,Migueltown,1059
14,812.0,Patricia Barber,Chanshire,1353
17,1083.0,Frederick Wilson Jr.,West Austinberg,743
13,-319.0,Victoria Conley,Heatherton,2554
8,1389.0,Anthony Blankenship,Port Blake,617
17,31.0,Anna Phillips,Kathytown,1373
16,827.0,Michelle Green,South Codyville,2606
5,-446.0,Julia Mann,Randolphstad,1511
7,681.0,Autumn Branch,South Cindy,7
7,268.0,Charles Ruiz,West Andrea,1582
6,1097.0,Thomas Glover,North Cynthia,1306
15,681.0,James Hughes,West Jacob,2681
11,-345.0,John Snyder,Tammyburgh,1823
19,1206.0,Whitney Hogan,New Robinmouth,2090
8,596.0,Chad Cameron,Karinaborough,664
7,1079.0,Steven Flores,Port Trevorburgh,1912
14,1033.0,Daniel Tucker,East Rebecca,2987
15,67.0,Jessica Hill,New Paul,65
2,19.0,Ashley Ware,New Justinport,1189
6,475.0,Nicole Jones,Port Amyville,1218
1,1329.0,Harold Moreno,South Mary,245
3,352.0,Alexander Little,Bowenmouth,2276
16,-190.0,Ryan Johnson,Cassandraland,2690
5,-331.0,Nicole Walls,North Jason,765
1,152.0,Brent Hawkins,Travisbury,114
8,482.0,Rebecca Murphy,Russoshire,175
14,-292.0,Billy Coleman,North Valerie,1619
16,782.0,Tracy Vega,East Normabury,543
12,703.0,Thomas Terry,Amandatown,2215
12,1477.0,Jason Kirby,Port Lauren,1369
17,990.0,Anna Jones,New Evan,2372
10,603.0,Jose Ryan,Roblesberg,2077
6,645.0,Theresa Walker,North Wendy,531
18,1481.0,Melanie Nixon,Linview,2404
1,-200.0,Scott Becker,Jensenland,2720
7,1009.0,Sandra Roberts,Mcintoshchester,1890
6,352.0,Lindsay Moore,Webermouth,1925
12,-124.0,Connie Dean,Rowetown,1574
7,-466.0,Brad Dalton,East Jennifer,2895
17,772.0,Nancy Fields,North Victoria,197
1,759.0,Jennifer Martinez,Suttonbury,577
12,641.0,Cheryl Clark,Duartemouth,1585
14,1356.0,Amanda Wilson MD,Susanville,2489
16,430.0,Joseph Mcdonald,Garystad,1137
16,389.0,Jacob Mitchell,West Scott,2280
17,229.0,Valerie Thomas,Lake William,734
4,914.0,Matthew Graves,East Elizabethfurt,1535
10,-33.0,Heather Graham,Sanchezmouth,1075
4,154.0,Steve Hogan,West Tracyport,752
7,787.0,Stephanie Harrison,Bartlettland,1936
18,-172.0,Alyssa Waller,Alexandrafort,461
14,54.0,Joann Mccall,Port James,2545
16,101.0,Mackenzie Ellis,West Barbara,775
16,1395.0,Krista Grimes,South Garrett,2385
6,-133.0,Jeremy Brown,Lake Crystalborough,351
8,37.0,Brad Faulkner,Sandovalmouth,1858
10,16.0,Kenneth Ferguson,South Karenland,2712
9,1139.0,Benjamin Mckee,Michaelport,874
15,1507.0,Isaac Bowen,Greenland,2996
19,-359.0,Elizabeth Nelson,West Mary,2307
2,370.0,Tonya Valentine,Joyceton,2108
13,-114.0,Melissa Acevedo,Loweton,1036
14,1345.0,Vickie Brown,Lake Whitneyside,2224
14,1262.0,Amy Collins,Port Misty,1877
12,619.0,David Cook,Clarenceview,248
1,-206.0,Matthew Murray,Weaverborough,2248
17,-118.0,Alexis Sanchez,Port Pamelaport,1496
12,-353.0,Melissa Escobar,Lake James,2531
13,1265.0,Donald Thomas,West Jeffery,2141
6,258.0,Charles Smith,Walkerburgh,1595
8,817.0,Charles Navarro,Jacobsonmouth,2487
2,243.0,Bonnie Mcfarland,Owenstown,74
7,-306.0,Rita Graham,Grantburgh,2882
11,1311.0,Donald Bray,North Kimberly,708
1,382.0,Monica Zimmerman,Port Brenda,1363
15,-436.0,Victor Howard,East Troystad,1787
18,1324.0,Brittany Hampton,West Steven,258
14,-476.0,Christopher French,Dylanville,7
9,-263.0,Stephanie Hodges,East Jennifer,642
7,676.0,Kathy Becker,Heatherborough,1811
4,351.0,Scott Marshall,Moralesbury,1592
17,1062.0,April Taylor,Port Jeff,1218
6,-439.0,Cheryl Gonzalez,Randallville,1930
11,861.0,Ethan Ward,South Michellechester,1783
2,1595.0,Michele Phelps,Williamshaven,2179
15,1456.0,Sarah Douglas,East Tiffanyberg,2983
2,135.0,Tamara Strong,South Joseph,1510
11,-220.0,Jason White,Garyland,2368
7,1499.0,Ryan Good,Sharimouth,2284
6,354.0,Cheryl Stewart,Mercadohaven,1264
3,92.0,Sean Johnston,Watkinsborough,1755
14,329.0,Steven Vaughan,Gregoryfurt,1842
15,681.0,Erin Turner,Dominiqueberg,308
5,969.0,Deborah Irwin,Martinfort,1612
14,185.0,Julie Burke,West Pamelahaven,2487
2,720.0,Kayla Young,Martinezville,2039
7,1096.0,Robert Macias,Berryborough,259
18,745.0,Cassandra Rodriguez,East Jessicahaven,321
15,664.0,Misty Rodriguez,South Sethville,1150
2,-54.0,Alexis Knight,Lake Monica,296
17,1417.0,Robert Huang,Masontown,2072
14,908.0,Heidi Banks,Lake Alexa,593
2,1009.0,Ellen Turner,Thomasburgh,2732
7,986.0,Diana Woodard,Stevensbury,210
6,1315.0,Joshua Flynn,Pittmanside,684
12,877.0,Daniel Woods,North Donna,2808
11,233.0,Kathleen Gray,Lake Alexander,2908
14,1370.0,James Mcneil,Port Ricky,2696
14,977.0,Amy Campos,North Alice,2247
6,115.0,Laura Yang,South Eddiemouth,2991
4,621.0,Kathleen Bradshaw,Deborahberg,1962
17,1029.0,Eric Aguilar,Stevensburgh,2883
5,365.0,Ryan Jenkins,North Dawn,1514
11,-156.0,Elizabeth Bennett,Henrybury,1812
11,893.0,Jeffrey Bailey,Lake Christian,829
8,1378.0,Alexandra Greer,Port Breannaland,2743
10,433.0,Carol Byrd,South Meganstad,200
12,587.0,Dr. Emily Lynch,New Tina,161
17,291.0,Patrick Scott,Hawkinsview,2371
10,1221.0,Dr. Matthew Perez,Williamsborough,2333
18,214.0,Jeanette Davis,Luisport,1775
8,420.0,Gwendolyn Martin,Tylerfurt,299
6,1033.0,Jennifer Stanley,Steelemouth,2984
7,1173.0,Joshua Archer,North Jamesberg,104
15,1131.0,April Bell,Pamelatown,2739
16,769.0,Christine Fisher,Jamesfort,869
13,-259.0,Seth Horne,Lake Marissamouth,2779
10,745.0,Craig Young,Josephfort,612
18,-299.0,Rachel Stewart,Petersonmouth,365
13,-446.0,Morgan Carroll,East Kristy,461
5,1050.0,Alexandra Watson,Port Andreview,1569
5,-281.0,Donald Mitchell,Brianfort,1930
14,142.0,Yvonne Figueroa,Madelinemouth,1595
5,1396.0,Jennifer Porter,Maxwellburgh,260
17,-344.0,Patrick Rojas,Davidport,346
5,1366.0,Sabrina Watkins,Donovanstad,2634
10,1337.0,Joanne Nelson,New Anita,2021
6,1568.0,Thomas Brown,Tamaraside,570
1,458.0,Alejandro Taylor,New Hollybury,1244
7,172.0,Lori Brown,Frenchmouth,2010
16,132.0,Vanessa White,Brianaview,584
10,1437.0,Tina Jenkins,East Vincentchester,877
10,-86.0,Dominic Wilson,East Eric,486
19,656.0,Allen Donaldson,Smithview,1617
7,518.0,Tyler Perez,Port Robertview,923
10,366.0,Amy Moore,Kyleshire,1068
11,1596.0,Karen Clark,New Jennifer,821
18,1000.0,Allen Hester,North Craig,2628
11,1063.0,Shannon Mason,Michaelchester,1252
19,-415.0,Rhonda Lewis,West Adamborough,695
11,1354.0,Gerald Richard,South Danielport,2460
16,-61.0,Jonathan Stevens,Reginaborough,2512
11,700.0,Kristi Doyle,Courtneystad,794
5,616.0,John Wood,West Lauriestad,1874
5,1364.0,Robin Whitaker,Bakerport,2299
4,929.0,Robert Matthews,Christopherfurt,2384
15,46.0,Courtney Davis,New Francisco,1780
10,364.0,David Hoffman,Barnesville,1592
8,339.0,Aaron Hodges,Lake Jacob,384
18,63.0,Claudia Nguyen,Travisbury,2490
8,920.0,Ryan Fletcher,Joshuafort,1371
10,395.0,Zachary Johnson,Boydville,557
8,1172.0,Tracy Potter,New Steveland,2136
6,899.0,John Roberts,Laraberg,2580
18,1226.0,Jessica Robinson,South Stephenville,1118
3,814.0,Crystal Hoffman,Craigmouth,2634
9,1388.0,Daisy Newman,Port Heatherview,282
6,1321.0,Maria Holmes,South Jamesfurt,857
14,-318.0,Donald Kidd,East Davidland,1588
5,118.0,Michael Cooper,Lake Paula,2091
16,1247.0,William Douglas,Port Tiffany,2858
16,1438.0,Christopher Gilbert,South Jessicaville,76
6,348.0,Kristen Schneider,Williamsville,1309
11,-170.0,Edward Francis,Byrdburgh,983
4,694.0,John Jones,New Jacobshire,2155
16,593.0,Nicholas Savage,West Josephberg,478
10,661.0,Robert Maddox Jr.,New James,1570
5,988.0,Steve Fitzgerald,Williamborough,2889
16,-51.0,Johnny Fuller,West Aprilhaven,505
5,1104.0,Carrie Perez,Roachland,1105
5,250.0,Audrey Aguilar,Jessicaborough,404
9,1490.0,Molly Davenport,Briannaview,346
2,45.0,Catherine Jackson,Lisaville,1950
3,-147.0,Daniel Chavez,South Christineside,2968
8,1024.0,Nathan Anderson,Lake Matthewstad,2210
10,104.0,Mr. Frank Cole,East Bruce,2055
17,-408.0,Susan Howard,Curtismouth,1832
18,14.0,Andrea Anderson,West Lisaburgh,2095
18,667.0,Alexis Castillo,Chungstad,228
1,-12.0,Adam Maldonado,New Lisa,340
12,1578.0,Caroline Anderson,Johnchester,1903
6,613.0,Diana Whitney,New Anthony,1327
1,410.0,Kathryn Scott,Wolfmouth,1366
10,-489.0,Brent Howe,Meyersville,730
17,-230.0,Douglas Sloan,Leonardburgh,1560
17,-451.0,Howard Mcguire,Elijahbury,2916
1,756.0,Kenneth Rowland IV,Meganchester,1922
2,-237.0,Christopher Ray,East Deanport,2293
1,375.0,Donald Russo,East Derekstad,1924
16,1243.0,Craig Brown,North Gerald,1774
13,981.0,Kelly Guzman,Lake Jessica,2961
6,908.0,Danielle Watkins,Bowmanfurt,2856
6,271.0,Gregory Morgan PhD,Sparksstad,1344
2,709.0,Jeremy King,North Elizabeth,37
19,938.0,Marco Ryan,West Angela,1090
13,217.0,Alexis Jones,North Leonardfort,1169
13,741.0,Christopher Gardner,North Sarah,418
1,1339.0,Tracy Williams,East Laurie,1803
16,1447.0,Kevin Maxwell,West Jennifer,2504
18,992.0,Aaron Arnold,East Marktown,93
18,388.0,Tom Gonzalez,Garcialand,887
16,1479.0,Brandon Jenkins Jr.,Hernandezland,1091
2,1443.0,Dr. Amy Taylor,Davidmouth,2734
6,-389.0,Angel Valdez,New Ericstad,2159
6,-121.0,Cristian Martin,East Christytown,984
18,758.0,Steven Sanchez,East Sarahhaven,742
12,477.0,Jenna Ford,North Gabrielville,2068
14,1374.0,James Banks,East Nicholasbury,2904
14,445.0,Francis Gilbert,New Timothyshire,1287
16,695.0,Scott Miller,East Kelly,438
5,449.0,Autumn Richardson,Samanthaview,1516
12,1323.0,Amy Frazier,South Malik,1221
19,516.0,Larry Russo,West Curtismouth,612
19,62.0,Kristen Chapman,Jenniferburgh,423
12,-6.0,Fernando Roberts,West Michaelview,2361
5,1001.0,April Vaughn,East Robertview,2862
17,-280.0,Lance Kelly,East Christinebury,1926
13,-383.0,Barbara Barber,New Triciaberg,2198
7,-273.0,Robert Smith,South Jamesport,2285
16,-10.0,Randall Anderson,North Rebecca,1355
17,-327.0,Megan Diaz,Stevetown,2509
12,739.0,Karen Shaw,Isaacbury,526
16,1200.0,Dr. Heather Hanna,Lake Richardland,201
17,1041.0,Amber Andrade,Lake Kevin,2655
9,503.0,Emily Stewart,Alisonshire,526
17,-398.0,Linda Rogers,Burnettberg,1008
6,452.0,Melissa Diaz,Port Donna,2341
12,1396.0,Jill Massey,Tanyaburgh,1776
8,1136.0,Crystal Singh,Markshire,2087
2,1436.0,Melissa Simmons,Grayfurt,1971
9,-351.0,Crystal Steele,Port Edwardview,1848
9,1092.0,Michael Meza,South Samuel,1323
18,144.0,Samantha Jensen,Megantown,2129
12,523.0,Kim Friedman,West Joshua,158
3,1183.0,Zachary Davis,Gonzalesbury,1817
6,1443.0,Eric Kelly,North Denise,1683
13,441.0,Juan English,Bryanburgh,732
5,571.0,Laura White,Dianahaven,1351
2,1212.0,Sarah Hoover,Lake Deannachester,2533
1,656.0,Aaron Jacobson,Lake Philip,2971
11,-68.0,William Perez,Colefort,1499
14,-489.0,Anthony Alvarado,Vincentton,1269
4,-404.0,Shawn Ayala,Port Kyle,1505
14,1439.0,Drew Daniels,Benjaminchester,532
14,1002.0,Misty Davidson,North Kelsey,1944
18,-437.0,Laura Alexander,Port Thomas,1995
16,29.0,Timothy Jenkins,North Davidchester,2901
9,1518.0,Kenneth Diaz,West Danielburgh,1131
9,290.0,Alan Odonnell,North Jacobburgh,1079
16,66.0,Rhonda Kim,Ortizhaven,2874
17,121.0,Jasmine Moon,North Timothytown,1473
11,715.0,Ann Smith,Jessefurt,400
2,1049.0,Heather Castillo,Andrewfort,252
8,4.0,Erica Santiago,Conwayfurt,759
2,-423.0,Roger Adams,Sellersshire,194
5,1377.0,Teresa Weaver,New Gabriellaberg,1502
19,1006.0,Tammy Miller,New Theresafort,1501
5,812.0,Albert Soto,Robertburgh,2708
12,1121.0,Samantha Whitney,Davidville,2168
9,-68.0,Virginia Wade,Howellland,1043
9,842.0,Shawn Kerr,Port Jasonland,608
18,-190.0,Paul Mccoy,North Dalton,1275
5,-25.0,Amy Lewis,New Ronnieville,100
4,1504.0,Joel Patterson,West Brianchester,1717
8,775.0,Danielle Alvarez,Lake Ethan,2471
17,282.0,Shaun Young,Pinedamouth,1054
1,-411.0,David Green,Port Dustin,2340
11,-473.0,Joshua Austin,Baileybury,1106
13,232.0,Stacy Jimenez,Johnsonborough,312
1,-122.0,Patrick Brown,Joseside,1988
5,-371.0,Brian Watson,Grantburgh,1614
15,748.0,Robert Wade,North Danielmouth,1448
19,886.0,George Carr,Amyview,1493
5,311.0,Melinda Massey,Jonathanhaven,1846
3,264.0,Jordan Johnson,Port Robertmouth,892
1,1398.0,Ashley Blackwell,North Laurie,934
13,485.0,Jonathan Cohen,South Devin,2683
5,1302.0,Melissa Crane,Millerport,2844
18,-400.0,Michael Allen,Lake Michaelbury,675
9,1118.0,David Gallegos,South Nicholasborough,2427
19,87.0,Randy Johnson,East Tannertown,263
15,843.0,Debra Hunter,Scottberg,436
13,-323.0,Andrew Ellis,North Lindseyshire,2210
7,1319.0,Katherine Vazquez,Brandimouth,1351
3,1407.0,Brent Smith,Angelicaview,420
13,1088.0,Daniel Simmons,Mooreberg,430
2,1215.0,Roberto Gonzalez,Larsonchester,2259
9,71.0,Ronald Watkins,North Sierra,466
17,782.0,Patrick Robinson,Munozport,1735
14,1171.0,Benjamin Cole,Lake Alexishaven,787
6,-464.0,Kimberly Church,East Allison,2507
4,953.0,Brian Williams,Lisatown,839
6,1475.0,Christopher Davis,South Leemouth,1733
13,-23.0,Anthony Diaz,North Adriana,2196
10,854.0,Kimberly Ball,East Jeffrey,1531
19,345.0,Dennis Villanueva,Port Jenniferfort,1334
12,1175.0,Todd Richardson,Contreraston,2089
5,594.0,Russell Johnson,Sarahland,1791
2,-487.0,Andrew Wilson,South Kristin,799
1,66.0,David Wiggins,Port Kennethstad,1023
16,280.0,Melissa Elliott,Martinstad,122
12,818.0,Mr. Timothy Weaver,Port Daleville,1646
17,1016.0,Trevor Bryant,North Austinport,1632
17,-208.0,Heather Camacho,South Heidichester,2075
2,-224.0,Dr. Andrew Mason Jr.,Lake Courtneyport,2324
6,1128.0,Sarah Williams,Robertburgh,2549
5,133.0,Robert Williams,West Spencerstad,1035
9,397.0,Kevin Merritt,Dicksonfurt,211
7,-93.0,Victoria Robinson,Andersonstad,205
5,1063.0,Gary Williams,New Brittneytown,2949
2,358.0,Emily Carter,Michaelstad,2329
1,481.0,Melissa Torres,Seanburgh,2049
3,1388.0,Lauren Jones,New Patricktown,1052
5,733.0,Cheryl Allison,Simsmouth,2275
7,1116.0,Stephanie Morales,Grahamberg,1700
11,1091.0,Steven Green,Caseyton,348
14,-328.0,Andrea Bailey,East Douglas,2985
7,-18.0,Timothy Patel,Bishophaven,1351
14,658.0,Robert Mcmillan,Port Jamesburgh,1053
12,1391.0,Corey Alexander,Stewartside,586
4,38.0,Cassandra Mahoney,Duranland,563
9,221.0,Mark Tran,Dillonton,1563
13,971.0,Corey Lang,East Marioview,2735
5,-200.0,Sonia Smith,Jonesside,722
3,1453.0,Ryan Adams,Jonathanfurt,1564
12,1514.0,Connor Thomas,East Christine,2607
11,1467.0,Erin Rodriguez,Port Lorifort,1016
4,425.0,Samantha Hall,Connieshire,1259
16,555.0,Brenda Martinez,New Michaelhaven,2740
11,41.0,Destiny Scott,West Crystalborough,2766
4,444.0,Hannah Walker,Mistyville,1663
15,425.0,Tyler Pierce,Ryanland,641
4,248.0,Kevin George,Port Tammyland,303
4,-381.0,Rachel Campbell,New Melissa,811
17,740.0,Brad Ortiz,Josephshire,126
13,642.0,Jacob Martinez,New Donaldside,1572
3,1477.0,Jennifer Sullivan,Lake Randall,2540
2,304.0,Christopher Li,New Elizabeth,772
19,815.0,Kristin Garza,West Donnachester,1436
16,91.0,Michelle Martin,Jenniferside,1463
4,390.0,Maurice Blair,Millerhaven,448
2,1075.0,Gloria Alexander,Bergside,2492
7,1037.0,Timothy Ellis,Curtisside,17
3,1124.0,Zachary Abbott,New Diamondhaven,2126
4,114.0,Ronnie Robinson,New Jenniferbury,1543
18,67.0,Alexis Rivera,New Joseph,2335
6,1183.0,Anna Johnston,Dianeside,976
8,1127.0,Nancy Cook,Norrisport,2019
10,33.0,Olivia Park,Port Joannberg,1013
10,771.0,Jessica Macias,West Jonathan,746
16,1280.0,Jonathan Lawrence,Levinestad,278
13,458.0,Thomas Gordon,Russofort,264
2,-475.0,Caleb Freeman,Haroldland,1670
16,647.0,Heather Quinn,Port Kiara,1750
16,-355.0,Joshua Schneider,North Johnhaven,655
7,407.0,Jessica Keller,Jenkinsfurt,2388
1,213.0,Kayla Hernandez,Kariview,286
1,-127.0,Jessica Jones,Brewerville,2769
5,288.0,Stacey Barrera,Jessicafurt,2924
16,1393.0,Richard Hill,New Samantha,2933
14,786.0,Heather Bishop,Lynnfurt,2321
9,218.0,Jennifer Price,Kennedyshire,725
10,1217.0,Toni Livingston,Hernandezstad,1245
18,-169.0,Juan Bell,North Beth,1960
19,1441.0,Lori Taylor,East Kara,2322
15,532.0,Kelly Mann,Michellemouth,1843
14,1348.0,Cameron Pacheco,Jonesfurt,590
4,206.0,Douglas Silva,Sarabury,1817
2,24.0,John Brooks,Omarville,624
15,923.0,Cameron King,Georgebury,2875
2,1085.0,Heather Davidson,Pricehaven,2550
9,1577.0,Kayla Mays,Lake Emily,2792
1,116.0,Angela Chambers,North Theresa,2476
15,505.0,Bruce Reyes,Mullenfurt,2935
4,600.0,Julia Lester,Nunezberg,661
4,-344.0,Jasmine Deleon,Johnton,836
10,-408.0,Rebecca Knapp,Smithton,910
7,990.0,Crystal Thompson DDS,New Josephborough,1867
9,275.0,Robert Hammond,Wyattfurt,433
12,1460.0,Christina Mccullough,Lake Whitneymouth,746
6,-245.0,Alexandra Washington,South Melissahaven,2481
13,833.0,Thomas Morales,Lake Benjamin,2010
6,859.0,Thomas Welch,Lake Heidifort,2624
6,-250.0,Samuel Ramos,Vaughntown,529
18,1267.0,Melissa Edwards,Lake Pamela,2536
9,-234.0,Denise Watkins,North Jenniferhaven,2728
18,-99.0,Michael Romero,New Paul,514
3,181.0,Emily Nicholson,Lauraburgh,2126
11,1312.0,Robin Garcia,Brownville,102
4,195.0,Gina Buckley,South Fernandomouth,2445
19,45.0,Lisa Guerra,East Carl,15
2,1577.0,Julian Neal,West Rachelview,1841
10,1582.0,Patrick Smith,North Jessica,673
12,493.0,Brian Mckay,Solomonshire,1601
5,1019.0,Jocelyn Williams,Cooperport,248
7,296.0,Jasmine Ellis,East Lisa,2928
18,117.0,Mrs. Donna Gonzalez DVM,Wendyfort,1794
13,848.0,Mallory Hunt,Cummingsland,1657
3,1000.0,Amanda Stark,Christinaberg,531
4,1467.0,Lisa Hall,East Andreaborough,747
9,-206.0,Tina Melendez,Adammouth,2052
11,1586.0,Joseph Saunders,Port Gina,2214
18,11.0,John Nguyen,Susanborough,120
10,146.0,Brittany Chandler,North Connorview,865
2,-5.0,Brittney Hall,South Mary,399
12,1307.0,Peter Watson,Dennisville,1692
8,1568.0,Paul Ruiz,Gayville,2721
4,1122.0,Nathan Johnson,West Cindyland,695
10,-19.0,Carolyn Wright,West Julia,2942
5,-413.0,Katherine Jackson,Lake Catherine,1917
7,1182.0,Ryan James,Perkinsland,1813
19,901.0,Angel Stevens,Kimchester,1485
18,622.0,Meredith Perez,North David,2936
16,749.0,Lindsay Davis,Sarahmouth,673
19,-324.0,Susan Clark,North Shannonburgh,1866
5,168.0,Stephanie Townsend,West Brandonshire,416
9,1047.0,Dustin Dodson,Thompsonland,2697
2,-405.0,Michelle Fowler,Walkershire,2006
6,447.0,Scott Bentley,West Omarport,1530
11,1291.0,Craig Macias,Bushfurt,1294
9,-346.0,Courtney Brock,Alexishaven,2582
2,1142.0,Mr. Richard Melendez DDS,Port Michaeltown,1704
7,211.0,Jose Hensley,Snowbury,139
15,-390.0,Jordan Burke,Benjaminburgh,2298
9,-111.0,Suzanne Wells,Haileymouth,1196
13,150.0,Susan Thompson,North Laurie,546
17,1061.0,Christine Hall,West Sara,570
3,1071.0,Ricky Rios,South Donald,875
19,404.0,Brittany Sanchez,Lake Rebecca,480
11,1425.0,Emily Miller,Bellberg,1070
9,117.0,Brian King,Lake Anita,343
16,1104.0,Julie Hernandez,East Johnmouth,1910
7,502.0,Devon Guerrero,Mcgrathside,1885
16,1163.0,Michael Patel,Reedport,223
15,1249.0,Frank Green,Port Theodore,2059
14,407.0,Deanna Hayes,Wendystad,331
5,971.0,Angela Mccoy,North Saraport,2355
12,1543.0,Brian Chang,Torresland,754
19,446.0,Jennifer Stone,West Julie,2440
9,-294.0,Randy Rivera,Port Sarastad,2351
17,1190.0,Mark Moore,New Elizabeth,803
16,1318.0,Andrew Glenn,South Whitneyhaven,616
19,-22.0,Tiffany Perkins,Whiteland,1758
15,1034.0,Carl Smith,Rileyfort,2836
4,-343.0,Dominique Joseph,Port Jonathan,2544
9,-367.0,Brandon Myers,North Matthew,114
5,1388.0,Sandra Jackson,Lake Julie,2152
8,88.0,Ms. Dawn Whitehead PhD,New Angelaland,744
12,356.0,Nicholas Beck,East Nancyborough,140
17,-471.0,Daniel Campbell,Jessicaberg,38
8,666.0,Heather Blackwell,Kevinton,2868
7,888.0,Andre Guzman,East Kayla,2678
4,21.0,Tina Stanton,Lindseytown,2935
16,689.0,Frank Romero,Justinfurt,2773
8,198.0,Malik Moore,East Barrybury,1037
12,620.0,Eric Gibbs,Douglasstad,2647
11,-192.0,William Gomez,Williamsland,1889
12,204.0,Melanie Owens,East Michelle,492
3,525.0,Kim Burns,East Autumn,2395
5,844.0,Dakota Wilcox,Lake Patrickchester,470
16,572.0,Patrick Ford,Sarahtown,793
16,1236.0,Jennifer Murphy,Port Wendy,1530
11,249.0,Amanda Fleming,Martinberg,75
2,-161.0,Taylor Gregory,Port Albertberg,423
11,449.0,Stephanie Cummings,Jimenezstad,1545
14,1292.0,Brian Gomez,Moralestown,2284
4,-387.0,Mariah Jenkins,Davisborough,1248
3,1096.0,Jeffrey Sherman,Connorstad,942
19,-236.0,David Vargas,Port Thomas,755
13,736.0,Kathleen Hunt,Port Susanton,659
9,-181.0,Philip Jenkins,Alexanderside,2194
17,1569.0,Brian Pacheco,Lopezland,1892
6,1273.0,Jacob Kline,West Brandon,2678
3,612.0,Daniel Green,North Summerburgh,220
8,-131.0,Karl Lucas,East Kayla,1460
16,500.0,Jennifer Lewis,Colleenton,1127
12,477.0,Andrew Mcdowell,Bakerton,1852
8,1318.0,Logan Brady,Lake Hannah,2008
6,-107.0,Patricia White,Wilsonshire,528
17,-32.0,Edward King,Russellland,8
16,141.0,Anthony Rodriguez,Port Martinfort,1512
12,265.0,Terry Villarreal,West Jonathan,35
4,373.0,Jeremy Carey,New Johnfort,2435
12,687.0,Stephen Henderson,East Brittney,1126
5,1138.0,Norma Contreras,Bradfordbury,479
14,1363.0,Sean Jacobs,Lake Andreabury,1113
10,-365.0,Jonathan Mcfarland,Kathrynland,2542
7,-64.0,Sarah Oneal,West Michelleton,1479
1,-296.0,Zachary Hale,West Shannon,2920
16,177.0,Patricia Owen,Colemanchester,1135
19,-424.0,Heather Jones,Shawnberg,1945
6,1508.0,John Stokes,Lake Catherine,1077
10,719.0,Haley Craig,West Douglaston,1103
8,839.0,Dr. Michael Dickerson,Port Anthony,548
18,613.0,Stephanie Green,Jennifermouth,145
17,295.0,Steven Ortiz,West Scott,2003
2,-471.0,Manuel Scott,South Jessicachester,2491
15,-21.0,Amy Gilmore,Timothyburgh,1463
15,556.0,Kimberly Buck,Krystalport,2251
7,-467.0,Robin Juarez,New John,2966
10,-322.0,Michael Ross,North Erika,2798
17,-41.0,Douglas Sweeney,Mercedesberg,818
12,1367.0,Robert Ramos,Davidland,1489
8,1408.0,Brittany Johnson,Allisonmouth,2046
8,-453.0,Lisa Garcia,Trevorshire,328
10,-344.0,Mary Martin,Josephtown,1934
4,145.0,Gregory Frey,Kimberlyshire,850
3,138.0,Nathan Fisher,Port Paul,1927
19,-305.0,George Nichols,Tonyborough,2050
5,707.0,Stuart Calderon,West Brianton,2731
18,-8.0,Cody Harmon,Wadeton,2963
5,1512.0,Anita Ellis,Lake Tammy,1184
12,-217.0,Emily Ingram,Michaelview,2999
2,1225.0,Robert Hurst,Lopezview,2014
6,299.0,Matthew Santiago,North Alison,2702
17,1522.0,Nicholas Daniel,Gillmouth,1920
13,441.0,Ashley Taylor,Alexanderhaven,312
13,911.0,Shannon Hunter,New Brandonfort,2114
12,522.0,Willie Ortega,Henryburgh,850
4,1514.0,Kyle Bennett,Lake Susanview,1374
6,307.0,Jennifer Delgado,North Sandra,2567
9,-90.0,Cameron Lopez,West Julieville,2723
2,1448.0,Jose Hull,Proctorstad,1277
19,797.0,Karen Nelson,South Sarah,2896
1,-223.0,Donna Kirby,Garciaport,941
11,898.0,Jessica Mcbride,Port Jeremiahborough,2573
1,574.0,Mark Wang,East Angelaview,694
9,239.0,Nancy Jennings,Dawsonview,1191
10,320.0,Louis Jenkins,Millerhaven,2390
3,1375.0,William Green,Sallyhaven,71
15,1416.0,Robert Taylor,South Samantha,2178
13,1115.0,Jordan Briggs,North Sean,2473
17,612.0,Danny Alexander,Wardtown,1459
6,1411.0,Eugene Whitehead,South Joseph,1623
5,183.0,Aaron Edwards,North Audrey,2836
5,514.0,Stephanie Ramos,South Joann,1592
17,404.0,Ernest Ramirez,East Gary,2464
9,-353.0,Caleb Johnson,South Jesseside,778
5,1427.0,Katie Cordova,Chelseyside,1049
2,312.0,Stacey Evans,North Waltermouth,2694
17,26.0,Ms. Amber Mills,Cindyshire,1172
4,963.0,Megan Hernandez,North Kathleen,2870
16,320.0,Gina Rodriguez,Dudleyfort,2164
6,-203.0,Amy Evans,West Larry,1484
9,1533.0,Erik Castillo,Lake Miranda,842
16,636.0,Meagan Ramsey,South Joburgh,442
15,706.0,Justin Owens,Rebeccaton,117
9,-300.0,Brenda Caldwell,Grahamshire,2655
1,122.0,Wesley Yates,Lake Christopherfort,13
9,1164.0,Peter Berger,East Helenview,142
15,-116.0,Christopher Reed,Brockborough,2778
11,-72.0,Patricia Perez,Bartlettview,9
2,77.0,James Acosta,Fergusonchester,1137
6,893.0,Jennifer Hansen,North Christopherville,2687
19,151.0,Robert Sullivan,Coxberg,1491
12,1122.0,Jose Knight DDS,Medinatown,1872
12,1257.0,Curtis Erickson,South Nicole,168
12,1305.0,Allison Simmons,East Brookemouth,204
11,559.0,Dana Hayes,Susanberg,1837
16,19.0,Clarence Perkins,Watsonshire,658
1,669.0,Charles Shaffer,Josephside,279
3,-117.0,Sara Griffin,Turnerfort,155
17,-167.0,Bryan Lowery,Kristopherview,2051
16,-481.0,Dr. Erica Lang,South Lance,408
10,860.0,Ashley Rogers,Mejiaberg,905
16,1001.0,James Reyes,Richardchester,2534
7,-162.0,Mark Vasquez,East Colton,723
17,1268.0,Regina Shelton,Smithton,1489
11,-227.0,Danielle Brown,Lake Brandon,2384
6,1562.0,Steven Long,Christopherfurt,1485
1,332.0,Alexander Sims,Port Deborah,1823
4,1352.0,Jennifer Harrell,North Michellebury,177
2,-186.0,Dana Long,New Samuel,2275
6,635.0,Heather Clark,Duanestad,2133
13,700.0,Aaron Rogers,North Davidburgh,2744
12,1586.0,Mark Abbott,Pricefort,2529
3,-71.0,Nicholas Carson,Geraldland,1584
17,-377.0,Eric Anderson,Port Tanya,908
11,-66.0,Mary Rogers,South Beverly,1011
17,1149.0,Paul Griffin,Miguelhaven,1296
8,958.0,Kathleen Williams,Port Carrie,1245
18,1368.0,Ann Gonzales,Allisonburgh,2783
11,655.0,Stephanie Daniel,Lake Lisamouth,2137
3,886.0,Courtney Reed,Haysfurt,12
5,-269.0,Glen Miller,Richardfort,2670
10,500.0,Whitney Hale,Sanchezfort,2265
12,1100.0,Cody Graham,Davidview,2960
9,1226.0,Mr. Albert Castillo II,Mooremouth,2610
7,-326.0,Jeremy Anderson,South Josephtown,2238
1,1148.0,Alexis Spencer,West Ambershire,2908
3,596.0,Jackson Dixon,West Kristen,2892
14,587.0,Mrs. Roberta Thompson,Phillipsbury,190
13,920.0,Olivia Berry,Jenningsville,1132
2,1050.0,Denise Brown,Port Terriview,2748
3,1229.0,Melissa Morgan,Debrafurt,2982
19,1128.0,Joyce Wilson,Johnburgh,2093
17,-282.0,Danielle Doyle,Stephenbury,402
3,839.0,Michael Dominguez DDS,Port Angela,2972
9,607.0,Joseph Allen,Jacobbury,2555
13,200.0,Deanna Becker,Cameronview,2137
3,281.0,Thomas Coleman,Jessicaland,2434
3,1240.0,Patricia Wright,Stephenton,2157
2,1085.0,Alison Snyder,New Georgeport,1913
10,1568.0,Thomas Gilbert,New Lindsayfort,2983
12,309.0,Kristi Cummings,West Sarahfurt,107
14,1518.0,Robert James,Lake Katie,1538
2,-54.0,Raymond Wong,Caseychester,1311
10,89.0,Joshua Hanna DDS,Davidbury,2298
17,369.0,Todd Lopez,Angelabury,1591
17,1175.0,Shannon Turner,Natalieberg,2259
12,-173.0,Maria Montes,Lake Sarahmouth,593
4,122.0,Samuel Lewis,Beststad,734
5,1590.0,Daniel Foley,Jasonberg,305
5,1314.0,Timothy Hall,West Kristinchester,996
13,46.0,Cassandra Armstrong,Myersfort,1997
3,539.0,Jimmy Williams,Wilsonmouth,893
12,1529.0,Tamara Morrow,Port Karibury,224
9,342.0,Mr. Matthew Simmons Jr.,Daltonshire,970
19,64.0,Patricia Gray,Mariachester,1528
6,119.0,John Wilson,Whiteport,2297
10,678.0,Barbara Suarez,Port Joshuaborough,161
13,367.0,Larry Garrett,Mcdowellside,2272
6,892.0,Joy Hernandez,Lake Crystal,170
15,18.0,Sylvia Black,Stevenhaven,2572
16,1405.0,Joshua Crosby,Rachelton,1069
16,835.0,Dawn Williams,Burchland,2808
16,1269.0,Daniel Miller,North Judyhaven,1192
5,127.0,Alexis Gross,Wellsberg,1078
11,661.0,Tamara Sanders,East Erica,2627
12,1426.0,Kevin Miller,Davidberg,1144
4,880.0,William Adams,Port Jamie,1867
15,58.0,Wanda Mitchell,Stephenfurt,2638
10,-453.0,Andrew Boyd,South Nicholasburgh,2763
5,25.0,Brandy Hill,North Sean,472
8,844.0,Angela Salazar,South Kristinefurt,1689
19,1194.0,Stephanie Cook,Clarkview,1143
1,1423.0,Nicole Bailey,New William,1281
2,898.0,Gail White,North Lisabury,1320
18,1450.0,Christopher Cooper,Lake Michaelfort,2614
4,-171.0,Michael Williams,Obrienmouth,2656
19,118.0,Angela Coffey MD,Port Karen,1810
13,490.0,Katrina Davis,Lake Willie,2393
18,693.0,Victoria Good,Pearsonfurt,2112
19,990.0,Caitlin Miller,East William,346
12,-275.0,William Kerr,Morenoton,2109
13,-177.0,Michael Whitaker,Port Mariohaven,631
15,1043.0,Taylor Douglas,Riverschester,209
7,958.0,Jared Pollard,Stevenborough,428
11,1250.0,Randy Martinez,East Abigail,143
12,609.0,Dawn Dunn,Scottstad,2917
15,447.0,Wendy Sweeney,New Kaitlinville,2671
10,1005.0,Patricia Rice,Ashleyfort,290
17,650.0,Sean Green,West James,2928
1,729.0,Wanda Williams,Port Thomasberg,2464
7,711.0,Kimberly Cook,East William,1071
3,656.0,Brendan Berry,North Philipview,2046
12,965.0,Robert Gomez,Jeffland,1124
9,-208.0,Laura Moore,Hollychester,2713
17,842.0,Wyatt Davis,Samanthaborough,2997
10,-212.0,Cameron Williams,Brianfort,1665
5,-485.0,Christine Booth,Andreamouth,1086
3,-345.0,Jonathan Lam,Lisaton,2130
6,122.0,David Powell,Benjaminhaven,2962
11,939.0,Jessica Jordan,East Scott,2986
9,546.0,Chad Warner,Langhaven,1405
6,-318.0,Samantha Taylor,South Lindsay,861
13,402.0,Adam Gonzalez,Lewisberg,313
13,-220.0,Lisa Graham,North Stephen,952
12,279.0,William Sloan,North Kimberly,2316
14,923.0,Kathryn Anderson,Dominiqueville,1071
12,-321.0,Stephen Pierce,Emilyfort,975
13,-25.0,Jason Rice,Courtneyville,1931
5,1556.0,Robin Pacheco,Darrenhaven,2978
14,-74.0,Holly Brown,South Whitneyside,2838
4,225.0,Desiree Carlson,Lewisport,1439
11,68.0,Margaret Shelton,North Makaylamouth,1888
13,240.0,Vanessa Henderson,Fischerbury,1295
18,-300.0,Adrian Weber,New Markside,198
17,-200.0,Jonathan Nichols,Port Jameshaven,2964
2,132.0,Patricia Lewis,Davisfort,2029
6,842.0,Robert Sutton,New Vernonmouth,573
13,124.0,Jessica Tucker,Isabeltown,841
5,173.0,Rhonda Horton,Davidfurt,2887
17,1085.0,Elaine Ward,Angelaville,1359
8,7.0,Melanie Camacho,East Ryanburgh,1529
16,513.0,Mary Miller,New David,1007
13,189.0,Elizabeth Taylor,New Chelsea,2075
13,1190.0,Nathan Moore,West Drewshire,1438
9,528.0,Mary Garcia,Walkerburgh,2757
5,-179.0,Courtney Roberts,New Daniel,2649
13,-482.0,Daisy Stevens MD,South Rachelfurt,446
17,183.0,David Gilmore,Brianside,2123
8,-306.0,Annette Copeland,Alexanderton,2409
19,543.0,Barry Wells,Yvettebury,1497
16,1211.0,Ryan Fletcher,Dianefort,2500
4,579.0,Shelby Reynolds,Hammondville,605
14,-139.0,Robert Mahoney,North Tracymouth,578
17,70.0,Brandon Daniel,New Bill,1397
12,360.0,Andrea Moore,Lake Kevin,2299
4,961.0,Dr. Mackenzie Mccall,Kellyberg,225
9,681.0,Kevin Jacobs,Kevinborough,2967
9,-92.0,Michael Horn,Smithbury,2761
13,589.0,Cole Kim,Walterland,2757
15,1073.0,Lori Ayers,Mckinneyfort,2237
7,943.0,Darryl Griffin,South Shannonville,231
1,932.0,Michael Carroll,Carolinemouth,1897
3,225.0,Amy Hughes,Port Bettystad,2178
4,567.0,Peter Jordan,Buckland,557
4,62.0,Gary Castaneda,Staceybury,2829
3,412.0,Joshua Stevens,Lake Davidchester,1728
17,51.0,Holly Haynes,Oliverhaven,137
18,618.0,Mark Norman,Jordantown,1366
4,703.0,Mrs. Crystal Lewis,East Jennifer,2331
14,366.0,Justin Smith,Port Candicemouth,2713
3,1517.0,Eric Cox,Drakestad,798
15,-27.0,Julie Barber,Alejandraborough,1111
15,1103.0,Frances Hodges,Smithton,742
12,1278.0,Tracy Phelps,West Lisafurt,2850
16,425.0,Elizabeth Davis,Wilsonhaven,1005
4,132.0,Edwin Lewis DVM,South Jasonstad,2474
14,1051.0,Brandon Terry Jr.,Shaneberg,1574
15,1098.0,Shawn Hayes,New Brandon,1352
3,-34.0,Janet Long,South James,1271
1,-227.0,Aaron Evans,Danafort,666
10,1323.0,Ryan Rush,Porterview,113
16,999.0,Dr. Brandon Rivera,Madisonmouth,2143
6,481.0,Susan Cohen DVM,South Juan,1539
14,-338.0,Roberto Weaver,Roberttown,2423
11,-383.0,Tara Ross,Lake Bethchester,1055
2,-178.0,Jeffrey Ortiz,West Justin,2763
16,217.0,Gabrielle Logan,New Rachel,1113
3,205.0,Brittany Benton,Reedfurt,2404
7,1357.0,Brian Bonilla,North Brittanyburgh,2816
6,277.0,Martin Anderson,Collinsbury,2015
11,53.0,Mr. Kyle Smith,Lake Andreahaven,53
7,323.0,Joseph Evans,North Robert,1039
19,235.0,Jordan Holmes,East Natasha,1265
8,-409.0,Jacob Boyd,Tamarahaven,2297
9,775.0,Joseph Rivas,Waltonstad,2681
16,1138.0,Tanya Friedman,Wesleyside,2335
19,750.0,Andrew Peters,Lisahaven,2609
6,409.0,Kristin Sanchez,Harmonport,2292
6,1271.0,Lawrence Beck,Bartlettfurt,1201
13,1312.0,Sean Hansen,Alexandriafort,2399
9,-242.0,Mary Taylor,Franklinchester,1434
13,300.0,Lisa Smith,Allenshire,1168
1,231.0,Rebecca Glover,Cassandraborough,882
14,1441.0,Peter Allen,Port Anthonyborough,1967
19,-158.0,Amber Smith,Elizabethfurt,1382
2,-172.0,Joseph Brown,Lake Brenda,1665
12,1017.0,Kelly Bryant,Port Brian,2675
18,1092.0,David Arnold,Hallland,584
19,117.0,Philip Mercer,Davidmouth,1872
18,-228.0,John Hall,New Brucebury,194
10,947.0,Christopher Ramirez,Port Nicole,812
19,752.0,Dr. Justin Vasquez,South Leslie,2020
19,1379.0,Walter Carter,Port Sandraberg,2030
3,-5.0,Autumn Robbins,New Michael,2864
4,1075.0,Rhonda Stout,New Melissaberg,1800
18,563.0,Jessica Kelley,Lake Andrewview,601
3,345.0,Aimee Strickland,Port Brentmouth,1552
17,603.0,Mark Payne,Leachchester,1798
17,1354.0,Ashley Sanders,South Michaelmouth,1146
13,310.0,Richard Richardson,Ryanshire,1254
8,-102.0,Barbara Martin,Amandatown,2755
19,454.0,Sarah Ryan,Joshuaborough,2176
4,1109.0,Richard Bauer,Collinshaven,1339
8,1575.0,Annette Lewis,Garciashire,2115
5,392.0,Peter Bowman,Hunterchester,1927
16,670.0,Ryan Little,East Tiffany,1339
3,1578.0,Mrs. Michaela Ramirez,Port Katherine,2383
2,1490.0,Mary Thomas,Janicefurt,2337
7,1319.0,Dustin Pineda,South Amber,2139
19,-121.0,Donna Harmon,Port Joshua,106
19,45.0,Tami Turner,North Cherylstad,1272
13,906.0,Susan Jennings,South Richardchester,367
13,1316.0,Kathryn Clark,Larsonshire,1131
3,1132.0,Mark Bush,Mejiabury,1610
18,245.0,Robert Johnson,Breannaburgh,2740
7,692.0,Darrell Parker,Perezview,2567
7,962.0,Kelly Cole,Johnfort,2334
5,148.0,Jon Hall,South Antoniochester,2327
16,377.0,Robert Kelley,South Johntown,1404
17,601.0,David Kirby,Port Ashleychester,2117
12,774.0,Jessica Wilson,South Dale,432
12,589.0,Nina Davis,Dianaside,1469
12,-145.0,Lucas Jordan V,Port Matthew,43
3,1133.0,Michael Fletcher,Annamouth,1150
9,978.0,Jessica Jones,Martinezhaven,2223
1,1404.0,Brianna Molina,Cooperberg,2401
4,999.0,Juan Webb,West Melissa,1532
14,837.0,Jeremy Keller,New Anthonymouth,797
5,405.0,Frederick Conway,Singletonshire,1219
4,22.0,Amber Rowland,Woodfurt,2539
15,1544.0,Daniel Campbell,West Cynthiaside,1329
5,1115.0,Mallory Chang,Lisaland,1695
1,423.0,Richard Smith,Chelseaborough,581
11,1488.0,Daniel Decker,East Karen,911
7,2.0,Daniel Velasquez,Lake Gabriel,1305
3,1389.0,Jermaine Callahan,Davidshire,1000
2,1119.0,Megan Harvey DVM,New Tracy,542
10,250.0,Theresa Jenkins,North Catherineland,754
3,32.0,John Spencer,Tiffanyland,1420
17,-427.0,David Ball,Nicholstown,1212
16,1367.0,Julie Collins,South Vincentport,879
10,452.0,Tammie Smith,Bakertown,39
5,1371.0,John Orr,East Jamesbury,2760
18,954.0,Kathryn Graham,Lake Cynthia,1856
16,1537.0,Jessica Montgomery,Jennifertown,494
16,289.0,Benjamin Adams,Lake Richardstad,717
16,1550.0,Mark Maldonado,West Colleenland,2977
19,402.0,Vincent Oliver,Kristineside,2167
18,1272.0,Briana Diaz,Evanfurt,1099
5,1184.0,Christopher Wagner,Jefferyport,2129
15,203.0,Kevin Wheeler,Goodmanberg,1908
14,-317.0,Matthew Spencer,Elijahhaven,2355
10,-308.0,Robert Harrison,West Michael,1714
15,167.0,Justin Mason,Port Davidfort,1837
2,973.0,Rachel Parsons,Annahaven,2601
5,1035.0,Felicia Harris,Lake Jimview,2993
6,-299.0,Joseph Brown,Lake Adamport,2961
6,-358.0,Kristin Mcintosh,Kendratown,2465
12,555.0,Austin Smith,West Jermainechester,1904
1,1184.0,Valerie Osborne,Lake Jason,1457
16,81.0,Steven Peterson,Shelleyfurt,691
4,1409.0,Angel Bolton,Gordonborough,1908
1,1063.0,Michelle Huffman,West James,1366
19,244.0,Tony Brown,East Morganchester,1604
4,-396.0,Hannah Anderson,East Ryan,2597
6,295.0,Robert Page,Lake Michaelmouth,2026
6,-376.0,Nicole Sanders,Normanton,1795
9,1276.0,Herbert Barrera,East Bradley,890
9,-237.0,Christopher Meyers,Theresatown,2561
5,931.0,Megan Taylor,Lake Kendra,2606
10,393.0,Tammy Whitehead,East Misty,574
2,1478.0,Dustin Benton,South Carmenmouth,356
18,107.0,Michael Carr,Jonesfurt,1036
19,614.0,Warren Campbell,East Danielle,2390
1,662.0,Evelyn Walker,Lake Kristen,1379
11,-450.0,Christopher Velazquez,East Andreaside,1743
9,1380.0,Martha Adkins,Port Michaelside,1447
5,566.0,Brandon Lopez,East Peggyland,2456
2,-235.0,Kimberly Torres,Alanside,924
1,451.0,Kevin Brown,Jonesstad,2360
7,94.0,Jessica Walters,Dillonchester,743
19,-392.0,Tonya Thomas,Watsonton,68
15,758.0,Emma Case,Ryanton,1080
18,899.0,Elizabeth Smith,New Deannaville,2388
18,1419.0,Christopher Howard,Lake Scott,86
3,1552.0,Stephen Deleon,Lake Jamieview,2971
9,479.0,Kayla Hoover,Gregland,2904
5,-81.0,Jack Norris,New Angelahaven,2510
12,-234.0,Susan Johnson,Scottton,2195
12,1231.0,Savannah Holden,Rebeccaside,2700
15,1546.0,Eric Martinez,Port Matthew,404
11,787.0,Angelica Young,West Davidbury,54
7,1488.0,Calvin Henderson,Lake Barbara,715
6,1556.0,Erica Watson,Alexanderside,2936
5,330.0,Christopher Edwards,East Mark,1856
18,-83.0,Morgan Bates,Arthurside,1855
7,209.0,Jason Chavez,South Robert,1430
12,454.0,Stephanie Reynolds,North Richardfurt,1592
17,465.0,Juan Garcia,Meganburgh,1938
2,1207.0,Marc Lane,Bennettland,435
11,-102.0,Andrea Petty,Port Darleneburgh,1292
15,-396.0,Brett Jones,Port Reginachester,506
8,818.0,Autumn Mitchell,Garnershire,947
13,-91.0,Olivia Carter,Wadeland,1802
19,-138.0,Randall Marsh DDS,Port Janiceton,798
13,1527.0,William Simpson,Lake Karen,1601
12,12.0,Angela Rose,New Josephborough,2902
6,116.0,Brittany Perry,Watsonville,2984
13,312.0,Robert Guzman,Hornview,2674
18,770.0,Craig Ward,Johnstonville,402
1,437.0,Dana Joseph,Isabellafort,160
7,510.0,Joshua Torres,Randallville,2482
5,-466.0,Wendy Rodriguez,Kaiserchester,887
11,888.0,Crystal Davis,Traceyhaven,2512
19,1205.0,Joseph Carter,Thompsonside,2354
5,300.0,Patrick Hoover,Luischester,2393
12,232.0,Trevor Allen,West Angelashire,2480
10,311.0,Nichole Lowe,Vanceview,2042
10,999.0,Carol Smith,Williamsborough,2554
4,1581.0,Madison Watson,West William,2684
16,1554.0,Emily Henderson,Grahamstad,237
19,-200.0,Andrew Russell,West John,1207
15,734.0,Tiffany Brown,South Elizabeth,1285
15,241.0,Robin Frazier,East Danielland,1968
4,1179.0,Carla Murray,South Douglas,2009
5,-292.0,Kristopher Sanders,Smithchester,2883
9,426.0,Susan Torres,North Kiaramouth,132
5,1423.0,James Vega Jr.,Lisahaven,1020
17,996.0,Cole Reed,Lake Nicholasfurt,1742
12,233.0,Amy Wagner,North Justinview,879
12,-250.0,Deanna Davis,Port Erika,675
6,-462.0,Daniel Moore,Jacksonfurt,533
8,75.0,Katie Jones,East Saraville,1393
17,-435.0,Alisha Zuniga,South Bruce,1110
14,1386.0,Douglas Caldwell,Terryfort,1602
17,275.0,Nicole Hamilton,Amymouth,1797
3,116.0,Kelly Griffin,North Paulton,741
7,1152.0,Jeffrey Lewis,Jerryshire,2469
15,711.0,Miss Monique Brown,Port Tommy,567
12,-466.0,Dr. Nicolas Hester MD,Port Jaredtown,24
2,878.0,Austin Rowe,Phillipsside,957
13,759.0,Kayla Lowe,New Susan,1015
12,1463.0,Francisco Thomas,Dayton,2275
17,37.0,Ian Butler,North Jeremymouth,1551
17,83.0,Eric Williams,Aaronmouth,1279
13,1020.0,Shelby Parrish,Scottton,2499
4,254.0,Daniel Douglas,East Kimberlyville,2948
12,765.0,Laura Simon,Jasonshire,500
19,-227.0,Brent Boyd,Elainemouth,957
13,686.0,Dawn Smith,South Maryhaven,1409
15,1332.0,Erik Miller,Lake Melvinfurt,1365
19,577.0,Daniel Phillips,Vanessaton,464
16,1507.0,Tina Rodriguez,South Reginaport,247
8,342.0,Mitchell Benton,Moralesborough,1253
6,-39.0,Jeffrey Herman,New Joseph,1281
9,1173.0,Ashley Hoover,Jacksonfurt,255
3,689.0,Patrick Duran,East Victorfurt,2520
13,1227.0,Chris Roy,Lake Michelle,1649
4,263.0,Nicholas Fisher,Molinahaven,248
3,-353.0,Peter Collier,New Johnville,664
8,-252.0,Adam Webb,South Jamestown,1038
4,265.0,Glen Snyder,Kaylafort,2149
1,126.0,Michele King,South Toddland,1573
15,-445.0,Robert Mullins,Port Monica,713
12,798.0,Sarah Hayes,Hernandezbury,206
2,604.0,Jordan Lynn,Johnsonside,313
18,44.0,Jay Jordan,Spencerview,2472
11,1245.0,Victoria Mendoza,Port Stevenfort,2935
11,924.0,Jennifer Andersen,Benjaminport,1562
12,700.0,Tristan Wells,Owenchester,1898
3,-44.0,Mia Gates,Richardstad,2275
13,298.0,Kenneth Garcia,Cooperview,762
13,1127.0,Bradley Peters,North Courtneyfurt,2571
14,422.0,Benjamin Armstrong,East Valerie,1741
16,1188.0,Robert Alvarez,West Susan,1161
17,293.0,Katie Cunningham,Jacobbury,1496
5,1370.0,Linda Ryan,East Christophermouth,30
7,35.0,Evan Alvarado,Taylorton,2178
2,603.0,Kathleen Curry,Karashire,2605
18,-110.0,James Mcdonald,Walkerton,594
16,262.0,Roy Khan,Lake Jamesborough,2836
19,187.0,Lisa Mcintosh,Wellsshire,400
11,-273.0,Stephen Mcdaniel,Carlland,1346
16,395.0,Melissa Freeman,Greenside,2040
16,1207.0,Nicole Blair,Daniellemouth,2667
19,-355.0,Brandon Sanchez,Norrisborough,2665
18,798.0,Jason Burgess,Ashleyside,2173
17,-455.0,Mrs. Sara Johnson,East Michael,1385
12,999.0,William Nunez,Stephaniebury,434
6,236.0,Melissa Moore,Andrewberg,60
7,870.0,Rebecca Adams,Julieshire,653
14,395.0,Brandon Baker,South Kathleenburgh,1644
11,1578.0,Caitlin Weaver,South Rachelport,2589
2,317.0,Sierra Holt,West Tristan,2834
6,273.0,Alex Smith,East John,1685
13,1578.0,Briana Byrd,Nelsonhaven,281
19,1132.0,Joseph Cuevas,Martinezland,2412
5,322.0,Earl Ballard,West John,884
13,287.0,Cameron Ramirez,Smithstad,2257
12,1078.0,Caitlin Brown,West Markland,2533
18,1020.0,Clifford Cochran,Conradview,1393
12,403.0,Adam Clark,East Michael,108
9,1072.0,James Duncan,New Taraport,2232
14,1595.0,Aaron Carter,Robinview,1675
10,538.0,Katherine Jennings,Hamiltonstad,2967
5,859.0,Daniel Booker,Jenniferport,1096
1,1585.0,Cassandra Martinez,West Josephtown,73
2,634.0,Julia Kennedy,Yolandaberg,133
13,-270.0,Michelle Santos,South Katieview,746
7,-163.0,Kurt Mann,Johnsonland,1992
18,530.0,Kristina Myers,Jenniferborough,1231
10,120.0,Daniel Flynn,Anthonyburgh,1462
9,1421.0,Lorraine Day,Davisland,325
9,34.0,Emily Maxwell,Andrewfurt,771
10,677.0,Tracy Fuller,Jenniferport,1879
8,-491.0,Mary Perez,New Christineburgh,1958
3,-193.0,Rebecca Smith,Gibbsmouth,1812
17,1434.0,Anthony Ford,Port Melissafort,53
4,1290.0,Mary Austin,New Robert,2487
13,-183.0,Judith Newton,Kennethside,2809
16,744.0,Judith Johnston,Richardsonstad,173
7,1510.0,Kevin Myers,Josephburgh,231
2,1552.0,Brandy Murray,Maldonadostad,423
10,560.0,Danny Walker,Colleenland,1379
3,570.0,Sheryl Gonzalez,South Patty,1127
8,1125.0,Paula Ford,Keithburgh,2527
9,1475.0,Victoria Murphy,Rodrigueztown,1393
17,1571.0,Paula Morrison,Deanshire,955
13,1384.0,Debbie Harrison,Port Valerieshire,2889
7,330.0,Dr. Eugene Floyd,West Jacqueline,949
10,1541.0,Zachary Stewart,Michaelmouth,1831
5,399.0,Heather Elliott,Bryantborough,1050
14,-143.0,Taylor Cantrell,Lake Timothy,2042
6,903.0,Brandon Allen,Hillstad,1646
19,534.0,Sean Hernandez,South Mary,2798
4,451.0,Diana Marshall,Hugheshaven,1657
14,1146.0,Seth Perry,North Sarahberg,1428
6,1188.0,Elizabeth Ortiz,Douglaston,2745
7,329.0,Melissa Obrien,Lake Carolineland,121
9,1086.0,Diana Jones,Blevinsfurt,1483
15,1593.0,Logan Phillips,South Charles,1956
17,1428.0,Caitlin Campbell,Allenfurt,1465
15,1570.0,Sarah Rogers,Ochoaville,1335
4,903.0,David Weber,Port Sandra,1968
7,917.0,Denise Murray,North Kristin,544
9,-20.0,Courtney Guzman,North Elizabethborough,1085
11,1488.0,Melissa Maxwell,Brandyborough,1916
8,881.0,Rachel Conway,Blevinsburgh,2103
14,319.0,Mary Williams,Phillipsview,2207
17,448.0,Deborah Roberts,New Sandymouth,1077
7,-175.0,Daniel Meadows,Port Jenna,2321
7,1050.0,Russell Schmidt,South Jamieburgh,2909
11,713.0,Charles Bennett,Jonesport,81
13,1302.0,Joseph Martinez,Sandyfurt,1603
13,969.0,Shawn Robbins,Meganchester,2433
13,816.0,Edwin Mcconnell,Lake Terrancebury,1361
18,-461.0,Erica Ryan,East Vickieville,1630
2,1083.0,Hunter Porter,South Rachelstad,1983
19,-277.0,Brittany Taylor,Jillfort,230
18,1432.0,Haley Morgan,East Joel,2422
5,1120.0,Wanda Ward,Chapmanland,2834
11,691.0,Carolyn Johnson,Martinezmouth,2934
8,598.0,Malik Brown,Susanmouth,1436
17,953.0,Curtis Miller,Joshuabury,2260
18,1142.0,Jennifer Robertson,Port Heathermouth,883
14,578.0,Anthony Gonzalez,Lake Erika,542
3,851.0,Kathryn Reilly,Lake Jennifer,2792
5,-104.0,Jeffrey Carter,South Pamelahaven,348
2,859.0,Courtney Maxwell,Lake Emily,2377
6,81.0,Kimberly Hamilton,Lake Michael,2932
11,966.0,Shannon Morrow,Laurenmouth,577
4,1114.0,John Cooper,Bowerston,2286
1,932.0,Matthew Frye,Port Steven,1334
3,1542.0,Natalie Smith,Wandachester,1698
10,378.0,Matthew Carpenter,New Allison,2812
11,1552.0,Heather Montgomery,Lake Erikaberg,1100
12,482.0,Heather Mclean,Gabrielleburgh,156
10,1098.0,Laura Richardson,Cruztown,383
19,1414.0,James Ortiz,Lake Joshuaberg,2726
5,119.0,Laura Michael,South Lindsey,1277
10,1275.0,Dr. Nicole Hughes DDS,Marshallport,481
14,1378.0,Samuel Lee,Brianberg,2499
17,942.0,Krista Smith,New Kimberlyfort,2643
6,550.0,Roberta Rowland,West Dianaport,1453
5,888.0,Tammy Phillips,Brianton,2961
18,-421.0,Steven Glover,Nealtown,2841
12,148.0,Erin Steele,Port Michelle,1004
17,795.0,Brian Washington,Samuelton,1072
13,1574.0,David Hardy,West Bryan,771
11,-6.0,James Page,Garytown,673
10,583.0,Michael Riley,Port Barbara,350
18,1078.0,Leah Hodge,North Kellyside,12
1,-319.0,Eric Barnett,Wilsonport,1502
9,1009.0,Debra Hughes DVM,Hamiltonview,2594
17,856.0,Brenda Obrien,South David,2394
19,220.0,Richard Gutierrez,Mullinsbury,1342
3,597.0,Carla Sweeney,Justinville,1541
14,505.0,Chelsea White,New David,2254
2,-436.0,Teresa Smith,Allenside,173
13,520.0,Tiffany Branch,East Meagan,987
11,1174.0,Lori Wilson DDS,Jasonhaven,1476
18,391.0,Brenda Hutchinson,South Maria,2940
5,316.0,Erin Hughes,Paulafurt,1187
12,319.0,Kyle Hale,Port Cindy,840
5,1568.0,Michael Allen,North Richardfurt,2334
10,-5.0,Ryan Mccormick,Jacquelineport,2699
16,-330.0,Taylor Harris,Walkerhaven,2018
18,-338.0,Cassidy Hart,Beltranbury,1270
18,17.0,Alexander Gibson,Nathanport,2679
19,640.0,Erica Jacobs,Mcdonaldbury,454
10,-222.0,Julie Santos,Mariaview,2764
19,-226.0,Trevor Pugh,Dustinchester,1636
7,1386.0,Phillip Flores,Coltonside,1650
5,944.0,Joseph Barrett,Jonathanland,1015
18,1260.0,Tracy Morton,North Mariafurt,2580
17,575.0,Patricia Ayala,Greerport,1369
12,-264.0,Micheal Carroll,Smithmouth,745
11,-179.0,Shannon James,Lauraville,2290
15,873.0,Traci Carey,Lake Matthew,1241
12,300.0,Jeffrey Richard,Wesleyton,1331
17,1023.0,Julie Franklin,East Alicia,566
5,-435.0,Nathan Young,South Jonathanmouth,1563
9,890.0,Tyler Davis,South Samanthastad,918
8,427.0,Misty Rodgers,Diazborough,1077
12,1516.0,Mary Beasley,East Karachester,312
10,407.0,Paula Frazier,Karenstad,1593
16,-1.0,Stanley Guzman,Gardnerville,2342
15,364.0,Marcus Dorsey,Kristenland,1495
10,-138.0,Bruce Gibson,Donaldtown,2421
15,197.0,Erica Brown,Garymouth,2213
3,1508.0,Taylor Davis,Mccarthyland,2922
7,53.0,Brandy Haney,North Marie,1435
7,149.0,Melissa Jordan,Beltranmouth,1265
7,1266.0,Eric Burns Jr.,Alexburgh,1427
10,260.0,Paul Richardson,West Joshuaburgh,1411
8,1262.0,Alexis Ross,East Rachelborough,525
11,432.0,Thomas Little,Port Christinafurt,2129
2,628.0,Tracey Thomas DVM,Lake Angelicahaven,1812
13,208.0,Melissa Lambert,New Leslie,719
7,756.0,Brianna James,Ruizchester,2104
17,659.0,Deborah Russell,Natashaton,1604
15,1549.0,Evan Harper,Port Gina,951
19,319.0,Jennifer Stuart,North Hunterborough,2443
12,309.0,Mark Reynolds,Smithstad,76
9,1300.0,Bryan Hernandez,Hayneshaven,1144
2,230.0,Elizabeth Jordan,Lewisview,2618
14,-408.0,Shannon Keller,New Beverly,1997
7,452.0,Diane Jones,Port Maryburgh,2615
5,-455.0,Ryan Johnson,North Michael,1832
9,1086.0,Dr. Lisa Anderson,West Krista,244
14,811.0,Felicia Sims,Kimberlyton,658
11,723.0,Sherri Day,Port Kristinaview,1094
11,1281.0,Eric Sawyer,Tyronefort,2653
1,59.0,Rodney Curry,Brentberg,2145
13,384.0,Scott Kim,Hollystad,1187
19,-399.0,Dalton Peterson,Port Paulmouth,2851
1,569.0,Kelly Smith,Lake Franciscohaven,885
1,384.0,Justin Clayton,North Kristinmouth,1259
7,516.0,Tanya Stewart,East Chelsea,45
15,196.0,Sharon Blanchard,West Johnfurt,834
6,1598.0,Nicole Barnes,East Leslie,975
4,1090.0,Thomas Perry,West Nicole,270
4,1075.0,Jennifer Johnson,South Brandon,1434
5,811.0,Thomas Jones,New Michael,300
1,1286.0,Jason Mayer,West Sandraborough,844
9,795.0,Katie Kane,Randolphmouth,2377
3,-404.0,Christine Cook,East Carlosborough,964
19,-363.0,Miguel Martinez,New Emmachester,2452
19,184.0,Paul Burns,New Gregory,1048
14,-250.0,Paul Wilson,Hardinchester,2218
8,1009.0,Susan Wilson,Hicksbury,539
2,865.0,Megan Cooper,Lake Mollyhaven,1121
13,75.0,Travis Murphy,North Kristopher,2400
2,1177.0,Jessica Yoder,Wagnermouth,2756
15,1288.0,Lisa Anthony,South Justin,337
3,41.0,Leslie Kelley,Carlafurt,1832
3,1065.0,Philip Kelley,Michelleberg,2269
7,621.0,Brian Pena,Lake Joshua,2408
7,852.0,Melissa Ramirez,Reedburgh,232
2,695.0,John Kim,Haroldland,286
17,963.0,Michael Collins,Nelsonland,2274
3,964.0,Craig Garcia,North Todd,2512
19,1343.0,Randy Bowers,North Jennifer,2355
1,-395.0,Laura Young,Kanestad,873
13,1429.0,Jason Coleman,Mathewhaven,985
17,360.0,Brooke Hernandez,New Kathleenbury,1585
14,1181.0,Theresa Cruz,North John,2293
18,201.0,Christina Huang,Lisashire,1853
1,-474.0,Crystal Keith,Greeneborough,2384
17,67.0,Andrew Young,South Juanbury,14
9,886.0,Larry Porter,Mooreport,19
14,794.0,Joseph Adams,Wagnermouth,1800
16,-85.0,Elizabeth Ruiz,Guerrerostad,1571
18,-364.0,Jennifer Mitchell DDS,Douglasmouth,2834
3,994.0,Christopher Conner,North Richard,2213
14,976.0,Anthony Rivera,North April,1568
19,952.0,Amy Gonzalez,Castroview,419
18,-418.0,Larry Mercado,Sarahville,1879
11,975.0,Rhonda Werner,Trevinoburgh,1836
5,834.0,John Bell,Melanieborough,2997
5,1284.0,Angela Howell,Danielbury,1836
7,415.0,Keith Weeks,Lake Alan,384
6,277.0,Elizabeth Webb,Kellyberg,216
13,574.0,Laura Hawkins,West Jamesberg,338
9,1145.0,Kaitlyn Farmer,Freychester,2191
13,159.0,Stacey Phillips,Cassandraville,1729
6,1231.0,Amanda Navarro,Marcmouth,181
17,-66.0,Trevor Pierce MD,Chelseaport,2119
6,258.0,Christina Ward,South Christopher,1359
2,335.0,Justin Glass,Lake Kennethbury,860
1,1532.0,Benjamin Gonzalez,East Donna,1534
15,-255.0,Kimberly Nelson,New Sandra,460
7,1247.0,Tina Hanson,Port Deniseborough,713
3,1061.0,Carolyn Gibson,Emilytown,916
10,627.0,Alexander Smith,Cherylstad,1591
10,315.0,Robert Shaw,Davidfort,298
4,1059.0,Rachel Walker,Brownchester,2413
17,1248.0,Theresa Copeland,Shelbymouth,2418
5,1433.0,Cathy Zuniga,East Kaylashire,931
16,1480.0,David Long,North Catherine,896
1,1065.0,Anthony Zavala,Port Deborah,2671
7,1196.0,Sharon Nicholson,Port Johnmouth,967
1,288.0,Gregg Cohen,North Kennethberg,2088
4,-64.0,Leslie Navarro,East Jacob,1346
6,637.0,Christine Stephens,Hollyborough,2710
19,122.0,Terri Ferrell,New Jennifer,2152
4,-183.0,Katelyn Ramos,Amymouth,640
7,414.0,Kara Mcknight,East Zacharyland,676
16,1568.0,Sean Guerrero,Pamelaside,1613
1,-26.0,William Fuentes MD,Beverlymouth,1671
1,-427.0,Amber Wright,Port Stephanie,1214
9,761.0,Michelle Martinez,Tommyburgh,1199
19,1205.0,Kristin Maxwell,West Misty,388
10,-200.0,James Meyer,North Tracy,2680
16,984.0,Angela Frank,Port Haley,164
13,498.0,Steve Johnson,Nancyberg,846
10,685.0,Jeffrey Delacruz,West Timothy,2454
19,1191.0,Rick Obrien,Susanstad,2466
1,137.0,Mario Martin,Lake Taylormouth,2586
10,585.0,Vincent Christian,Kellyview,2824
5,1173.0,Morgan Snyder,Thomasfurt,315
7,-115.0,Heidi Hawkins,Jessicamouth,1015
11,1096.0,Amanda Colon,Jeremyburgh,2635
9,-481.0,Casey Deleon,Lake Aaronchester,2615
10,1426.0,Paul Ruiz,New Donna,1783
4,436.0,Lindsey Graves,Mendozashire,63
14,-68.0,Linda Reyes,Banksburgh,2062
5,1023.0,Lori Jefferson,North Harold,420
2,245.0,Rachel Coleman,Richardsonton,2067
10,-420.0,Steven Harris,Kennedystad,393
8,420.0,Cindy Lee,Lake Kevin,552
2,1253.0,Jasmine Oconnor,Norrisfort,142
6,540.0,Brendan Rivas,Mcbridechester,542
4,1334.0,Michael Curtis,Port Joshua,1517
8,-185.0,Chelsea Taylor,Jenniferstad,381
7,-422.0,Amy White,West Brooke,1454
9,540.0,Donna Reed,East Deanna,369
12,-381.0,April Sandoval,North Jonathanville,2769
9,636.0,Amanda Myers,Martinhaven,125
9,-114.0,Jeffrey Reyes,Lake Allisonberg,136
3,287.0,Melissa Fitzgerald,Port Rickberg,1654
17,-271.0,Kellie Mccarthy,East Megan,2356
4,26.0,Jeremiah Landry,East Jamesstad,767
11,-132.0,Melissa Vaughn,Port Teresa,246
1,246.0,Brett Chung,Robertport,749
3,250.0,Amy Wagner,Howardton,697
7,-252.0,Phillip Jones,Stewartview,2660
1,1199.0,Amber Molina,Peterfurt,1543
4,-43.0,Anthony Evans,North Michael,254
9,483.0,Mark Kent,North Brookefurt,2764
1,492.0,Jessica Walker,Lake Benjamin,1835
19,-326.0,James Reeves,Cantuhaven,712
18,1428.0,Joanne Matthews,East Sheila,2574
9,248.0,Courtney Peters,Lake Jamesbury,1710
13,-480.0,Dr. Kelly Hale,East Michael,1702
2,1551.0,Sarah Snyder,Adamstad,2385
19,193.0,Haley Marshall,Barnettville,2904
9,1329.0,Cynthia Silva,South Matthewmouth,1611
6,-168.0,David Phillips,South Samueltown,2204
14,-460.0,Lisa Bell,Jacobberg,1667
4,1254.0,Courtney Lee,Campbellbury,1619
1,-267.0,Johnathan Sutton,Lake Jacobfort,540
15,-393.0,Stephen Terry,Barneschester,284
6,879.0,Kayla Riley,South Daniellemouth,2192
13,-460.0,David Carroll,Christopherhaven,1112
9,1577.0,Mariah Harrison,East Michaelmouth,452
12,1359.0,Andrew Griffin,East Alejandraport,2854
16,1185.0,John Rivera,Deniseville,567
5,-51.0,George Ballard DDS,East Timothy,2266
19,-133.0,Alicia Ross,North Nicholas,1647
3,-386.0,Kristopher Williams,Jonesport,2143
19,984.0,Edward Collier,Joyceland,2685
14,-330.0,Seth Day,South Michael,354
4,451.0,William Nelson,North Gerald,1279
18,690.0,Aaron Gomez,Lewisville,398
1,647.0,Matthew Bautista,New Bobbyfort,8
6,422.0,Denise Flores,West Marisa,2002
17,711.0,Tina Green,New Derek,2381
12,113.0,Christopher Gutierrez,East Wanda,1363
18,1341.0,Shelly Young,Williamsburgh,123
4,326.0,Natasha Green,Turnerside,683
15,1266.0,Jeffrey Hanson,New Michaelmouth,29
2,751.0,Susan Vincent,Smithborough,2695
8,1000.0,Megan Contreras,North Amyton,791
14,1349.0,Travis Wiggins,New Andrew,2680
6,-490.0,Amy Sullivan,Stephanieville,97
12,910.0,Chelsea Smith,East Jim,2618
1,-262.0,Manuel Robles,Scottchester,1201
12,1206.0,Christopher Hall,South Bruceshire,433
3,346.0,Jennifer Martin,Bestland,2642
14,-85.0,Patricia Smith,Hancockstad,1693
16,-342.0,Judith Brennan,Lake Todd,2026
1,573.0,Louis Green,Rachelburgh,1534
4,754.0,Stanley Shea,Port Matthewshire,677
15,224.0,Bethany Chapman,North Mark,1832
5,-135.0,Paige Weber,Vargasberg,2929
3,276.0,Hannah Cooper,East Mary,689
15,1520.0,Christopher Decker,Bonillastad,2699
4,442.0,Heather Ortega,East Caitlinview,2123
19,615.0,Alison Martinez,West Gary,1977
3,387.0,Sarah Warren,Greenside,2188
1,1588.0,Ms. Melissa Cox DVM,Smithchester,1823
3,40.0,Robert Smith,Lake Joseph,1248
18,557.0,Sara Carter,Mcclurefort,1943
6,144.0,Megan Reynolds,Nathanielbury,2156
5,-159.0,Phillip Harris,Lake Richard,2712
2,1531.0,Tamara Mendez,Port Bobbyberg,1546
15,644.0,Donald Solomon,Lake Donna,1772
1,822.0,Megan Lee,West Amyshire,2757
1,596.0,Vincent Ferguson,Allenchester,1830
3,666.0,Jonathon Stevenson,Frankport,319
13,521.0,Caitlin Moore,West Lisaside,2086
9,-112.0,Teresa Schwartz,Port Nicholasport,2732
13,939.0,Wayne Weiss,South Paulahaven,788
2,540.0,Nicholas Ford,Jasonchester,1376
12,1257.0,Ryan Jimenez,North Kellytown,2908
7,225.0,Hannah Hamilton,Wallsland,2106
5,829.0,Cory Brown,Lake Bianca,1287
9,520.0,David Ward,Christopherberg,1680
18,-4.0,Keith Galloway,New Justin,1131
16,465.0,Nicole Scott,North Ethan,220
5,257.0,Daniel Love,Port Anthonyport,2760
11,583.0,Mrs. Melissa Hernandez MD,East Renee,2608
9,431.0,Allison Koch,Lake Crystal,1003
14,900.0,Susan Adams,Loriborough,1351
17,-251.0,Jocelyn Burke,Lake Jody,650
9,1272.0,Mr. Chase Kane,Rebeccamouth,2635
14,742.0,Michelle Johnson,South Christopher,1759
18,-313.0,Olivia Eaton,East Katieburgh,868
2,783.0,Aaron Howard,Cantuborough,1479
8,130.0,Brenda Vance,Millerborough,788
18,724.0,Brian Booth,West Shanebury,2289
4,192.0,Charles Alvarez,Holmesstad,346
13,492.0,Michael Callahan,North Marcoville,2349
10,1307.0,Andrew Gill,Davidborough,1662
3,-176.0,Kyle Ponce,Williamberg,2329
16,1561.0,Mrs. Karen Duke DDS,Josephstad,2966
5,1561.0,Sandra Miles,Nelsonside,1473
9,1375.0,Anna Kelley,Joshuaberg,1418
15,1036.0,Mark Garcia,East Kayla,2137
13,-81.0,Sally Young,Huffmanland,582
13,-439.0,Jennifer Carter,East Charlene,188
15,-197.0,Bradley Williams,Jenniferside,2647
13,793.0,Cynthia Perez,Howellhaven,1639
5,561.0,Victor Gonzalez,Herrerashire,1579
2,749.0,Joel Martin,New Robert,2273
19,1031.0,Miguel Fletcher,Greenefort,727
15,1153.0,Antonio Lang,Michaelton,2980
16,1597.0,Nicole Johnson,Carlaburgh,1946
7,217.0,Brenda Howard,West Jonathanmouth,2403
15,459.0,Richard Castaneda,North William,19
11,-117.0,Ruth Brandt,West Katrinaburgh,850
1,-55.0,Robert Johnston,Jonesmouth,2445
8,440.0,Stacy Montoya,New Billyside,498
1,300.0,Sarah Thomas,North Sara,717
12,992.0,Dana Andersen,Edwardsbury,2482
17,-303.0,Jennifer Brooks,New Lindsayborough,2506
11,1108.0,John Carter,Bethmouth,2476
7,798.0,Zachary Williamson,Andersonchester,616
6,47.0,Taylor Horton,Kimberlybury,2421
8,340.0,Lori Taylor,Scottmouth,1973
13,408.0,Mrs. Tina Esparza,Keithmouth,951
16,160.0,Mitchell Alvarado,West Craigmouth,2411
3,1430.0,Katie Conley,East Joshuamouth,1670
12,272.0,Robert Keith,North Jesseland,1415
1,655.0,Alicia Strong,South Samanthaport,345
9,1254.0,Michelle Mills,Bakerland,1579
6,1112.0,Thomas Davidson,Lake Christinaville,1021
1,93.0,Karen Flores,Marcville,2355
18,409.0,Kara Massey,New Markfurt,2523
10,1026.0,William Miller PhD,Kellyhaven,1460
19,1526.0,Diane Mcmahon,Rochaside,514
11,-161.0,Michael Andrews,Port Kathyland,1547
13,1237.0,Bethany Cantrell,Kimberlystad,2887
16,1582.0,Sarah Vang,Bullocktown,313
9,1288.0,Craig Arnold,Lake Heidichester,2831
8,1106.0,Erik Scott,Harveyside,1092
