,store_id,sale_amount,associate,city,sale_number
0,12,1161.0,Troy Ferrell,New Reginaside,1874
1,14,1235.0,Lisa Hall,Shelbymouth,1650
2,11,496.0,Kristi Cook,Marvinfort,1401
3,4,791.0,Daniel Vasquez,Ryanshire,2637
4,19,-260.0,Michael Rowland,Alicialand,436
5,9,1495.0,Priscilla Chandler,Englishberg,49
6,19,1190.0,William Gardner,North Jenniferhaven,552
7,7,-293.0,Joshua Davis,Lake Leah,42
8,11,125.0,Brendan Woodward,South Georgeville,1893
9,17,722.0,Steve Oliver,Prestonport,1941
10,11,-310.0,Larry Smith,East Kaitlyn,2908
11,4,1325.0,James Stanley,North Hannahmouth,1676
12,13,866.0,Charles Goodman,Robinmouth,2511
13,3,1148.0,Sharon Lee,South Johnny,2392
14,7,14.0,Alicia Lucas,Brownport,333
15,6,-290.0,Curtis Rogers,New Charlesfurt,1893
16,15,-289.0,Brandon George,Martinezmouth,2451
17,16,1272.0,Kimberly Marshall,North Daniellehaven,183
18,6,232.0,Cynthia Miller,Kevinmouth,2016
19,16,-265.0,Christopher Lowery,North Diana,2901
20,13,1275.0,Paul Frost,Osborneberg,1663
21,13,1266.0,Christopher Weiss,East Charles,2417
22,2,235.0,Mr. Travis Evans,Ortizmouth,1318
23,10,-85.0,Sean Skinner,North Christopher,1948
24,12,534.0,Hannah Brown,Catherineshire,2258
25,19,-50.0,Randall Oconnell,Adammouth,1335
26,7,635.0,Joseph Barton,East Aaron,1023
27,5,48.0,Dana Anderson,West Amy,2814
28,2,1295.0,Jeremiah Tucker,Wardmouth,731
29,2,633.0,Mark Kline,South Andrew,1610
30,13,293.0,Raymond Williams,New Sierrastad,2470
31,12,1433.0,Brittany Galvan,Wallaceville,1319
32,1,1070.0,Brandon Salinas MD,Rodriguezfurt,1397
33,10,1594.0,Kathleen Garcia,Johnton,1956
34,11,950.0,Adam Mccarty,Leahland,441
35,11,1394.0,Julie Johnson,Thomasberg,1161
36,12,1088.0,Emily Rose,Jacobchester,776
37,16,854.0,Kyle Richardson,Nicholasmouth,184
38,5,-195.0,Samantha Roy,South Maria,816
39,6,606.0,Jason Adams,Wrightside,2552
40,15,3.0,Jessica Dixon,Wendytown,2906
41,17,-118.0,Cynthia Schmidt,West Donna,242
42,3,-214.0,Jennifer Jensen,Connorbury,1437
43,10,964.0,Gail Valencia,North Seanside,987
44,3,767.0,Stephanie Nixon,Smithshire,1580
45,18,162.0,Emily Crawford,Bryanton,651
46,12,1509.0,Carolyn Barr,Travismouth,2061
47,11,1163.0,Deborah Wheeler,Leemouth,2233
48,14,1150.0,Jessica Wiley,North Linda,1966
49,10,1595.0,David Grimes,Tonimouth,438
50,16,287.0,Anthony Carr,Lesliebury,803
51,16,448.0,Christian Hanson,North Zacharymouth,288
52,9,213.0,Laurie Baker,Julieland,1737
53,15,773.0,Michael Woodward,Lake Michaelton,1278
54,14,1052.0,Alyssa Owens,Rodriguezfort,226
55,14,1397.0,Sarah Willis,South Keithtown,2266
56,19,1188.0,Jonathan Wood,South Timfort,17
57,15,839.0,Jesse Delgado,West Susanhaven,1977
58,3,712.0,Eileen Jackson,East Jasonside,722
59,9,-458.0,Evan Flores,Mullenland,1277
60,13,636.0,Nicholas Miller,Port Peter,380
61,16,-248.0,Brian Roach,Turnerburgh,849
62,5,1169.0,Anthony Leach,Markburgh,2270
63,7,1209.0,Evan Mendez,Owensview,420
64,1,591.0,Olivia Smith,Harrisonborough,1007
65,5,571.0,April Cummings,West Charlesport,2048
66,16,902.0,Timothy Smith,East Brandifort,574
67,7,1029.0,Robin Robinson,Lake Ryan,1489
68,17,444.0,Brianna Goodwin,Pughview,2806
69,5,411.0,Scott Meza,South Darlene,1045
70,17,-344.0,Dustin Jones,Medinamouth,849
71,9,183.0,Keith Armstrong,Michaelview,1107
72,13,-234.0,Debbie Brown,North Markburgh,381
73,15,1247.0,Morgan Pope,Nicholsfort,2971
74,14,1395.0,Carlos Wolfe,Justinfurt,270
75,8,-94.0,Edward Tran,Tinatown,634
76,16,569.0,Tony Thomas,Williamschester,2976
77,6,-339.0,Victoria Brown,South Paul,56
78,9,982.0,Christian Turner,Christinaburgh,7
79,8,482.0,Courtney Smith,Hensonburgh,644
80,3,978.0,Jacob Kim,Susanbury,2866
81,6,1250.0,Stacy Byrd,Josephfort,1554
82,12,1162.0,William Dalton,Melissaberg,1560
83,10,-42.0,Heather Adams,Wheelerburgh,2346
84,11,473.0,Jessica Santiago,Josephton,2102
85,8,1305.0,Katie Fuentes,Lake Benjaminshire,2922
86,4,1156.0,Joseph Gomez,Ortizberg,2154
87,10,888.0,Hannah Scott,South Curtiston,1926
88,8,1190.0,Kimberly Nguyen,New Eric,2829
89,8,1310.0,Dawn Warren,Brianmouth,1849
90,9,403.0,Emily Horne,West Tracystad,2787
91,4,-399.0,Joseph Davis,Larryland,838
92,5,383.0,Alexis Wheeler,East Thomasburgh,2025
93,13,995.0,Linda Martin,West Cynthiaport,132
94,16,-17.0,Leslie Phillips,New Victorberg,497
95,12,-149.0,Sarah Carlson,Shelbyside,2449
96,18,6.0,Michelle Rodriguez,Lake Jacquelineburgh,1416
97,13,768.0,Kristin Davidson,Scottside,470
98,3,594.0,Holly Khan,Port Kurtfort,1055
99,19,-63.0,Ashley Moore,West Donald,2618
100,9,617.0,Amy Vance,East Michael,1937
101,11,900.0,Dominique Lawson,Lake Madison,2126
102,9,912.0,Tina Adams,North Jamie,2333
103,1,368.0,Richard Friedman,New Brett,731
104,11,813.0,Mark Davis,Frankton,1220
105,5,728.0,Robert Martin,Brianshire,1997
106,1,1358.0,Maria Lambert,Ashleyfurt,1426
107,9,106.0,Dustin Barnes,South Kelly,2653
108,11,956.0,Stephen Davis,Sandersmouth,50
109,14,600.0,Wanda Henderson,Ochoaberg,1100
110,7,486.0,Michael Walker,Port Elijah,2180
111,12,550.0,Pamela Guerrero,Candicechester,2957
112,10,18.0,Carol Bass,Hendersonport,706
113,10,1190.0,Miguel Reynolds,Houstonview,20
114,3,-294.0,Traci Nelson,Espinozahaven,2453
115,7,-184.0,Mary Johnson,Floresfurt,1318
116,4,387.0,Alexander Rogers,North Morgan,454
117,19,-289.0,Russell Floyd,Obrienstad,2635
118,3,257.0,Arthur Bush,Port Lauren,2636
119,10,232.0,Courtney Walker,East Shannon,938
120,12,782.0,Alexis Sheppard,Haastown,1942
121,15,111.0,Chad Green,Faulknerbury,1831
122,2,1144.0,Ronald Ochoa,East Michael,1225
123,4,71.0,Robert Hill,North Melissaton,1702
124,1,1329.0,Amber Deleon,Thomasshire,2026
125,1,1306.0,Alexandra Robinson,Rachelmouth,1171
126,9,183.0,Ryan Shaw,Mathewland,1110
127,8,1588.0,Jeremy Evans,Michelleville,1044
128,16,257.0,Brittany Wright,Josephview,1916
129,3,-3.0,Joshua Sanders,East Danny,619
130,12,1276.0,Christopher Jones,South Ericport,1556
131,13,-493.0,Jesse Ford MD,South Catherineport,1930
132,7,1509.0,Elizabeth Moran,Samanthaburgh,2252
133,5,1294.0,Casey Smith,Port Alexisview,1237
134,15,1364.0,Henry Carr,Annhaven,1668
135,19,1020.0,Kyle Porter,Lake Tiffany,2529
136,5,47.0,Darlene Peterson,Port Danielstad,1542
137,16,1191.0,James Howard,Collinsville,2302
138,7,-17.0,Melissa Taylor,South Matthew,1493
139,4,959.0,Francis Phillips,Joshualand,2334
140,10,745.0,Jesse Ross,Woodsland,2320
141,5,935.0,Jeremiah Ramirez,New Lisamouth,2858
142,11,-34.0,Anthony Chambers,North Brenda,1188
143,9,1260.0,Crystal Rodriguez,Port Audrey,604
144,16,-462.0,Anna Kirk,Scottfort,1153
145,1,-228.0,Carl Hernandez,New Richard,2718
146,12,-428.0,Sara Hall,Butlerview,1898
147,2,1444.0,Christy Castillo,North Jameschester,1497
148,13,395.0,Andrew Johnson,Lake Austin,469
149,18,351.0,Brian Walsh,West Traceymouth,2982
150,14,1599.0,Donna Jones,East Ginamouth,1043
151,16,682.0,Priscilla Walker,Fieldsville,321
152,19,88.0,Michelle Contreras,Bookerberg,1994
153,15,299.0,Isabel Hill,East Jamesbury,1036
154,6,597.0,Debra Hayes,Angelport,864
155,8,1289.0,Penny Smith,Gabrielfurt,2909
156,1,1034.0,Madison Lambert,Port David,2725
157,1,-360.0,Steven Mccann,Martinezmouth,2101
158,19,1059.0,Jamie Baker,North Chad,14
159,3,1365.0,Antonio Ross,New Sarahberg,693
160,17,-275.0,Madison Love,Randybury,1562
161,12,654.0,Anthony Young,Lake Garymouth,1295
162,7,171.0,Christina Stuart,West Gabrielle,2384
163,8,1396.0,Randall Harris,Edwardsport,1692
164,18,528.0,Cynthia Lara,South Vanessatown,2336
165,13,73.0,Kenneth Andrews,North David,1967
166,5,-80.0,Michelle Pennington,Aprilshire,2688
167,4,160.0,Julian Davis,West Melissaborough,2928
168,11,1283.0,Amy Lawrence,Port Deborah,506
169,12,862.0,Marc Lee,Michaeltown,2264
170,6,206.0,Nicole Clark,Lake Charlene,1615
171,16,1202.0,John Burns,Evanston,2574
172,4,1051.0,Nathan Burton,Sullivanfort,1697
173,10,853.0,Jordan Harris,Copelandhaven,1561
174,4,863.0,Lauren Gibson,Munozstad,164
175,3,1553.0,Randy Smith,New Barbara,2378
176,10,-265.0,Vincent Scott PhD,South Jackson,1387
177,6,1580.0,Ellen Gill,North Williamtown,2184
178,19,1317.0,John Buchanan,Petersborough,278
179,15,14.0,Christopher Garcia,Braunborough,2259
180,16,276.0,Shannon Patel,South Shane,54
181,8,875.0,Emily Carpenter,West Nicolas,488
182,19,1359.0,Timothy Juarez,Lake Cristina,56
183,8,807.0,Victor Moreno,Port Kelly,902
184,18,1283.0,Eric Bradley,Courtneyhaven,50
185,5,1236.0,John Howard,North Bethshire,1967
186,2,1019.0,Matthew Cooper,West Brenda,1315
187,15,-118.0,Sarah Young,Warrentown,2890
188,19,-438.0,Michael Gates MD,Raymondfort,1191
189,1,-255.0,Nichole Scott,Rodriguezton,650
190,2,959.0,Kelly Acosta,South Kelsey,112
191,10,281.0,Daniel Hobbs,Nicolefurt,1217
192,9,886.0,Elizabeth Warner,East Ryan,2874
193,1,-172.0,Douglas Wood,South Brittany,1656
194,7,874.0,Stephanie Duncan,Ralphmouth,1211
195,9,338.0,Robert Wilson,Michelletown,2972
196,16,428.0,Alexander Robbins,Dennisside,536
197,14,103.0,Heather Michael,South Natalie,2948
198,18,461.0,Harold Chang,New Anthony,2827
199,2,397.0,Laurie Jones,Rhondamouth,2328
200,15,1153.0,Yolanda Thompson,Fergusonborough,2775
201,9,1500.0,Michelle Carlson,North Sherryfurt,278
202,15,-428.0,Amber Carter,New Jamesfurt,882
203,17,1393.0,Erin Garner,North Karenport,2565
204,3,491.0,Kylie Howell,New April,1171
205,18,606.0,Charles Guerrero,West Taratown,718
206,2,518.0,Julia Friedman,Kelseymouth,112
207,19,-192.0,Lisa Rush,Lake Jordanburgh,2700
208,5,1438.0,Sheri Rogers,Port John,2212
209,12,-222.0,Walter Gray,Baxterborough,1804
210,5,508.0,Anna Hebert,Lauraton,607
211,9,516.0,Tanner Howard,Lake Bradley,2121
212,3,334.0,Lori Richards,Kennethville,1643
213,3,-43.0,Zachary Mcguire,Patriciaburgh,1572
214,15,1402.0,Travis Nguyen,North Austinfurt,1416
215,19,935.0,Stephanie Hughes,West Samuel,1410
216,11,-478.0,Melissa Jenkins,West Belindaburgh,2990
217,7,905.0,Paula Schwartz,Fullerfurt,1213
218,5,1448.0,Tara Perkins,Gonzalezstad,384
219,1,-101.0,Mason Mooney,East Nathan,2896
220,14,458.0,Jesse Blair,South Connie,820
221,19,-172.0,Joshua Benitez,South Tammy,754
222,4,-367.0,Michael Vasquez,North Sara,892
223,17,1555.0,Veronica Crosby,Port Melissaville,6
224,17,329.0,Jennifer Vasquez,North Jesus,54
225,8,926.0,Melinda Clark,Port Craig,2541
226,14,-486.0,Christine Lynn,East Garyhaven,2791
227,6,-94.0,Rachel Stark,East Tashaburgh,2225
228,16,1466.0,Ross Chen,Port Anitaton,733
229,16,475.0,John Blair,Mclaughlinport,749
230,4,33.0,Sandy Velasquez,Lake Jennifer,397
231,8,197.0,Donald Moore Jr.,East Theresa,1291
232,4,622.0,Ryan Romero DVM,Tristanfurt,1282
233,9,897.0,Natalie Kramer,Timothymouth,2483
234,7,414.0,Diamond Bailey,Jacksonside,1144
235,17,-105.0,Sherry Herrera,Kelseyfurt,106
236,1,1472.0,James Castro,Chavezburgh,2481
237,7,1089.0,Gabriela Hall,West Davidchester,800
238,7,218.0,Traci Werner,Hernandezfort,2868
239,3,379.0,David Torres,South Brittany,763
240,18,483.0,Andrea Alvarez,Port Raymond,2204
241,11,467.0,Manuel Ferrell,East Erinmouth,2929
242,10,138.0,James Vincent,East Tammy,1188
243,2,1146.0,David Martinez,South Nancy,2945
244,8,327.0,Jessica Martinez,West Brandonside,2290
245,13,477.0,David Grant,Lake Reginaldland,1366
246,7,-147.0,Jennifer Trujillo,Danielbury,1132
247,3,1593.0,Dr. Mary Smith,South Kevinstad,1620
248,14,-103.0,Jorge Prince,South Jesseland,2447
249,15,-343.0,Theresa James,Andersonburgh,2472
250,4,-481.0,Samantha Brown,Timothybury,666
251,15,1007.0,Madison Little,South Bradleybury,1540
252,5,42.0,Tyler Washington,Maldonadoburgh,2834
253,17,1223.0,Christopher Hampton,Chelseaport,2656
254,1,1560.0,Amy Montoya,Danielstad,1666
255,3,710.0,Michael Krueger,Baileyside,1626
256,3,-193.0,Samuel Alexander,Amymouth,2293
257,19,1186.0,Molly Ross,Lake Daniel,2666
258,1,-14.0,Deborah Mccarty,Caseystad,2232
259,1,1074.0,James Nelson,Aguirreberg,2762
260,2,-92.0,Dean Fields,East Michelleview,2565
261,17,1135.0,Laura Cooper,Codyview,2055
262,15,-357.0,Reginald Turner,North Lisa,2325
263,6,646.0,Lisa Simon,Debbieland,111
264,2,-41.0,Colleen Hernandez,Howetown,1942
265,13,24.0,Mario Garcia,Michellechester,1232
266,7,119.0,Matthew Ellison,New Michellemouth,1782
267,19,1568.0,Darryl Gutierrez,Meganhaven,1429
268,7,1282.0,Gloria Ramsey,Nguyenton,368
269,8,518.0,Richard Sanchez,Lindafurt,409
270,13,1120.0,Annette Morgan,Davidberg,2251
271,4,1336.0,Heather Taylor,Torresfurt,2295
272,11,869.0,Angela Mack,West Anna,2514
273,5,1005.0,Amber Martin,Gregorychester,1383
274,4,-325.0,Jay Davidson,East Samantha,2626
275,1,565.0,Elizabeth Webb,Port Stevenstad,2114
276,8,440.0,Angela Williams,North Erica,1852
277,16,180.0,Justin Bradley,East Mitchellburgh,1972
278,3,204.0,Annette Ellis,New Zachary,2266
279,9,935.0,Lauren Patrick,Port Johnnyshire,2098
280,10,1106.0,James Jordan,Port Juliafurt,1979
281,8,842.0,William Stewart,New Amanda,1791
282,12,577.0,Stephanie Murphy,South Johnburgh,1937
283,18,-87.0,Steven Beltran,New Clayton,1027
284,6,105.0,Christopher Reyes,Amandaton,648
285,16,-16.0,Laura Rodriguez,East Scott,2449
286,6,677.0,Jason Garcia,Knappstad,1498
287,11,1153.0,Jason Hickman,North Justin,1675
288,9,463.0,Kristin Bradshaw,Moodyview,2627
289,19,1221.0,Stephanie Schwartz,Cisnerosside,2764
290,14,-92.0,Katie King,Port Brian,453
291,7,890.0,Jason Wright,Port Amy,1616
292,13,743.0,Donna Weber,Mcgrathfort,2219
293,2,1301.0,Guy Valdez,South Anne,1019
294,9,295.0,Bryan Chandler,North Julietown,476
295,7,1581.0,Wendy Payne,South Levitown,2561
296,9,1128.0,Angela Shaw,New Arthurland,372
297,1,1208.0,Dustin Avila,New Stephen,1733
298,5,794.0,Ray Dudley,New Melissashire,2879
299,8,1230.0,Timothy Hayes,Taylorberg,352
300,10,780.0,David Huff,South Hayden,2298
301,8,39.0,Matthew Jones,Lake Pamela,642
302,4,1312.0,Barbara Herring,New Christopherside,2600
303,16,44.0,Lindsey Moore,Williamport,840
304,17,-264.0,George Thompson,West Dominiqueview,1289
305,15,1503.0,Jason Erickson,Meganmouth,1723
306,14,823.0,April Cabrera,Lake Stacytown,1260
307,2,-488.0,Ryan Mason,Jenniferland,1013
308,15,589.0,Martin Ingram,West Austin,1507
309,6,564.0,Tracy Gillespie,New Raymondchester,719
310,18,328.0,Robin Wilson,East Morgan,1793
311,7,40.0,Jacob Solis,East Stacyburgh,1374
312,3,233.0,Nicole Watson,Cruzstad,1011
313,4,1339.0,Cassie Lee,Conwayside,116
314,16,1281.0,Chelsea Duarte,New Jamesberg,338
315,14,576.0,Charles Rodriguez,Caseystad,251
316,15,-191.0,Traci Strickland,Morganbury,2365
317,8,-266.0,Sierra Serrano,Leroyfort,1193
318,18,292.0,Charles Durham,West Richardport,2470
319,8,859.0,Miranda Webb,West Pamelaport,949
320,14,306.0,Andrew Sanchez,South Ronald,140
321,10,168.0,Justin Price,Hollyhaven,2067
322,3,-342.0,Heather Hayes,Kevinland,2452
323,11,1237.0,Mary Mills,South Robertstad,982
324,15,690.0,Gregory Kerr,Baileyfort,2789
325,5,-383.0,David Thomas,New Stephanie,2373
326,13,1008.0,Justin Anderson,Michealborough,449
327,3,9.0,Kim Sweeney,Lake Josephland,1520
328,9,826.0,Jacqueline Hall,East Colleen,614
329,4,653.0,Amanda Tucker,Marthafort,1192
330,11,-269.0,Joseph Lee,Ashleyview,1347
331,15,1227.0,Rose Thomas,New Aaronfort,1047
332,8,1491.0,Hunter Hall,Lauraborough,2472
333,11,-429.0,Jeremiah Davis,Lake Christopher,1573
334,16,1370.0,Justin Barker,West Sarah,2548
335,17,912.0,Russell Horton,Lake Jeremy,2136
336,10,-274.0,Jacob Clark,Carterchester,1480
337,1,1515.0,Jennifer Miller,West Michael,1857
338,16,420.0,Douglas Daniels,Jacquelinefort,2349
339,12,934.0,Stacy Rodriguez,New Victoriashire,1976
340,14,260.0,Dean Contreras,Port Christina,2113
341,6,32.0,Lucas Morris,Brianaborough,329
342,12,457.0,Jacob Luna,Port Brentport,1151
343,9,-428.0,Brian Smith,North Diana,2224
344,7,1240.0,Brenda Smith,Kirkton,1590
345,8,837.0,Robin Brown,Martinview,430
346,10,1487.0,Brittney Lindsey,North Jonport,2959
347,15,1176.0,John Klein,Jacobburgh,2338
348,12,4.0,Justin Mathews,West Paul,512
349,3,1118.0,Jonathan Young,Port Ginashire,2370
350,5,1399.0,Joshua Pratt,Diazmouth,1854
351,4,1398.0,Luis Martinez,Kellymouth,2594
352,8,1275.0,Carol Mcintosh,Maryland,453
353,16,-401.0,Karla Bailey,Santanatown,1635
354,5,-260.0,Pamela Chung,North Annamouth,2962
355,5,526.0,Brandon Perez,West Johnview,2776
356,6,393.0,Mark Suarez,East Ericaville,2887
357,14,1286.0,Angela Nguyen,Coxmouth,1537
358,1,-470.0,Amanda Jones,Lake Jason,687
359,17,552.0,Teresa Peterson,Leetown,190
360,4,-405.0,Melissa Herrera,Pooleville,2115
361,10,-484.0,Matthew Garza,New Michael,1258
362,1,862.0,Christopher Moore,Melissaland,1231
363,9,969.0,Cheryl Williams,New Natasha,1368
364,19,1057.0,Gregory Baker,Shannontown,466
365,11,746.0,James Morgan,West Heidi,1120
366,3,1581.0,Peter Allen,New Charles,352
367,13,316.0,Eddie Steele,South Bradleyhaven,906
368,17,767.0,Dennis Williams,Nicholsland,717
369,13,1117.0,Samantha Cochran,Gabriellemouth,2922
370,9,306.0,Sherry Anderson,North Janeland,2709
371,11,1278.0,Larry Gaines,North Alexander,499
372,15,654.0,Brian Rivera,Port Sarahborough,1399
373,14,1422.0,Sandy Frazier,Douglasfurt,885
374,18,111.0,Colin Johnson,South Jeremy,1298
375,17,864.0,Eduardo Lee,Jameshaven,1080
376,17,446.0,Allen Luna,Brittanytown,384
377,5,-238.0,Christopher Cohen,New Candace,2600
378,3,414.0,Victor Jarvis,North Zacharymouth,574
379,7,794.0,Kristen Anderson,Lake Robert,1334
380,2,-374.0,Jill Ramirez,South Arthurborough,836
381,13,-10.0,Gregory Walter,New Adam,455
382,19,1396.0,James Ortiz,West Justinfurt,1422
383,14,771.0,Michael Weeks,East Jennifermouth,1289
384,17,1582.0,Lisa Mclaughlin,North Tylerville,1638
385,14,1275.0,Pamela Henderson,Laurenfurt,2154
386,17,14.0,Brian Doyle,Taylorside,2306
387,10,-309.0,Kathryn Carroll,Nicholasberg,1511
388,3,818.0,Janet Gallagher,Port Noahberg,2947
389,11,681.0,Kenneth Lawson,Hoodhaven,641
390,6,1246.0,Beverly Martinez,Rowebury,1506
391,17,1195.0,Stephanie Lewis,Watersport,870
392,8,-370.0,Samantha Garcia,Larryhaven,573
393,6,-90.0,John Weaver,Williamstown,569
394,15,141.0,Daniel Jones,North Johnhaven,5
395,1,730.0,Joshua Phillips,East Tracymouth,1287
396,9,-92.0,Jade Morgan,Perezville,572
397,6,878.0,Kathryn Walker MD,West Whitney,2340
398,2,-211.0,Nancy Avery,Clementshaven,1158
399,8,1348.0,David Stephenson,Turnershire,2660
400,8,1354.0,Andrew Diaz,Bryanthaven,1099
401,18,196.0,Tiffany Walker,South Darleneside,2069
402,5,214.0,Christopher Taylor,Lake Jonathan,2870
403,18,-359.0,Charles Garcia,Odomland,2406
404,15,1174.0,John Johnson,South Bethanyberg,177
405,14,-117.0,Michelle Morgan,Kellyborough,2231
406,1,132.0,Jennifer Medina,Younghaven,2677
407,12,197.0,Maria Flores,Jameschester,2613
408,16,316.0,Joshua Garcia,South Margaretstad,2599
409,11,1508.0,Theresa Harrison,Lake Jacob,65
410,13,521.0,Chad Hayes,Schneiderland,1958
411,2,754.0,Steven White,Jaimeburgh,229
412,10,847.0,David Reid,West Ashleyburgh,2231
413,15,1576.0,Kelsey Saunders,Courtneymouth,1656
414,15,809.0,James Smith,Pottsberg,1815
415,3,784.0,Mrs. Tracy Stevens,Mathewsland,1221
416,18,225.0,Robert Martin,South Robertfort,1986
417,11,235.0,Ashley Young,Port Eric,2447
418,12,1122.0,Tyler Graves,Barnettland,536
419,7,1114.0,Kristen Lowery,New Bradley,856
420,14,507.0,Patricia Harris,Port Samantha,1764
421,8,-443.0,Richard Johnson,West Sherri,655
422,14,123.0,Jeffrey May,South Donside,2022
423,18,363.0,Mark Martin,Guzmanborough,2635
424,18,-453.0,Eric Schultz,Michaelville,1109
425,7,972.0,Lauren Sanchez,Port Daniel,73
426,9,888.0,Andrea Baldwin,Markside,2608
427,3,-246.0,Mitchell Lucas,Toddside,840
428,17,-327.0,Shannon Rasmussen,Elijahbury,324
429,13,1304.0,Cory Padilla,Holmesland,2304
430,10,1447.0,Andre Kelly,New Shellyport,2285
431,7,1101.0,Kristen Browning,West Thomas,1037
432,17,405.0,Mary Nichols,North Josephmouth,752
433,17,-357.0,Jeffrey Evans,East Gregory,239
434,18,-295.0,Elizabeth Blair,South Michael,2079
435,19,-384.0,Brenda Wood,East Coryport,1856
436,12,1287.0,Amy Graham,Port Davidhaven,2237
437,16,19.0,Cindy Johnson,New Stevenfurt,2766
438,6,164.0,Alicia Williams,South Alvin,1487
439,19,1201.0,Wesley Tanner,West Paulport,2172
440,11,1161.0,Gregory Vega,South Richard,2924
441,2,477.0,Ryan Evans,Annside,2327
442,18,-494.0,Manuel Hart,Lake Juanfort,2733
443,17,1464.0,Christina Smith,Alejandroburgh,1771
444,7,519.0,Kenneth Browning,South Brandonfurt,782
445,11,-332.0,Alexis Green,Andersonmouth,1150
446,10,315.0,David Kemp,New Bretttown,910
447,7,674.0,William Johnson,Dunnstad,2082
448,18,500.0,Kathryn Miller,North Dennis,594
449,10,47.0,Patrick Walker,Gillside,585
450,11,387.0,Jennifer Hooper,Nicholasfurt,2516
451,12,1036.0,Carolyn Griffith DDS,Mccarthyborough,1244
452,1,-269.0,Deborah Morton,Joshuafort,2696
453,6,306.0,Anthony Johnson,East Juliebury,1275
454,19,1560.0,Mike Mcknight,Peterhaven,2556
455,12,-57.0,Teresa Norris,South Michelle,1410
456,3,43.0,Larry Walton,New Gregory,1738
457,3,499.0,Amber Waters,West Brady,2330
458,7,198.0,Matthew Nelson,Wilsonburgh,2464
459,4,256.0,Cody Parker,North Spencer,2784
460,3,-439.0,Lisa Gonzalez,South Tyler,2712
461,1,-477.0,Dana Mendez,North Tonya,1582
462,5,893.0,Amy Smith,Port Christina,996
463,8,850.0,Charles Christian,Port Lisa,469
464,6,1311.0,Anthony Rivera,Port Angelmouth,2590
465,7,967.0,Wayne Singh,Harrisland,908
466,2,929.0,Michele Cisneros,West Mirandahaven,1286
467,19,-198.0,Lisa Diaz,Crystalmouth,1932
468,15,-403.0,Allison Steele,Fordfort,2129
469,17,1562.0,John Gardner,North Amanda,2738
470,9,918.0,Amy Warren,South Staceyfort,1790
471,1,1246.0,Kyle Morgan,Port Michaelview,1194
472,4,-242.0,Erika Mills,Lake Williamton,1790
473,13,469.0,Kyle King,Sethberg,128
474,12,16.0,Karen Brady,Jonesburgh,442
475,10,138.0,Nathan Preston,Perryside,1420
476,12,245.0,Kimberly Decker,Christophertown,919
477,12,6.0,Courtney Goodwin,Madelinefort,2552
478,13,221.0,Krystal Gill,East Timothy,2865
479,16,1497.0,Lauren Young,New Jose,2154
480,9,527.0,Jeremiah Shaw,Samuelbury,1381
481,12,406.0,Victoria Grant,New Johnberg,2253
482,13,1213.0,Sheri Marshall,Johnfort,2266
483,13,-365.0,Claudia Murphy,Sarahtown,510
484,7,614.0,Kayla Harrison,Sarahtown,1368
485,16,1438.0,Ryan Mccarthy,East Davidstad,191
486,3,-375.0,Darren Best,West Nancy,1344
487,1,1367.0,Adrienne Ward,West Ashleystad,1076
488,13,-219.0,Ian Cantrell,East Tiffanymouth,2792
489,11,505.0,Mr. Paul Kelley,East Benjamintown,402
490,9,252.0,Jennifer Fisher,Foleyport,1426
491,16,230.0,Marcus Blake,West Tonytown,2229
492,7,593.0,Rebecca Hutchinson,Grayland,2080
493,17,129.0,Mary Howell,Melissachester,2166
494,5,236.0,Jared Miller,Franklinstad,2672
495,11,-294.0,Nicholas Ramirez,North Larry,308
496,7,-303.0,Elizabeth Hernandez,Port Taylorfort,2701
497,10,453.0,Steven Gonzalez,Port Michelleville,504
498,10,323.0,Tracy Larsen,Brendanfurt,1856
499,6,-423.0,Eric Dixon,West Kimberlyberg,2939
500,19,1295.0,Craig Collins,Ginachester,2271
501,10,1196.0,Katherine Reilly,Leemouth,1167
502,9,1011.0,Christopher Taylor,North Jason,1590
503,11,-16.0,Michael Rodriguez,New Timothy,1343
504,10,-445.0,James Johnson,East Juliahaven,316
505,6,336.0,Brittney Rice,Port Blakebury,1573
506,7,1378.0,Keith Hall,New Joshuaberg,377
507,2,22.0,Sheila Nelson,Lynchborough,1314
508,13,630.0,Taylor Rosario,East Anthonyhaven,2308
509,19,313.0,Tracey Moore,Port Michaelberg,516
510,15,327.0,Vincent Wilson,Danielleland,60
511,12,451.0,Andre Roberts,Scottfurt,1583
512,14,930.0,Deborah Cruz,South Diane,623
513,9,722.0,Victoria Wang,West Michael,2550
514,8,677.0,Jessica Pierce,Ericland,966
515,15,1342.0,Patrick Wang,Riverafurt,1532
516,18,855.0,Elizabeth Mejia,Lake Brittany,1761
517,14,254.0,Christopher Jones,Crawfordchester,1873
518,13,63.0,Matthew Knox,Cookchester,2519
519,8,1180.0,Jessica Bennett,West Matthew,1114
520,5,808.0,Cynthia Tran,East Robertton,697
521,1,1358.0,Meghan Cook,North Richardberg,1924
522,17,118.0,Nicole Johnson,Williammouth,2861
523,19,622.0,Alexis Mccoy,North Stephanie,165
524,7,1311.0,Amanda Green,Brandtview,454
525,8,-28.0,Derek Kramer,North Katherine,1959
526,13,-35.0,Joseph Mitchell,East Robert,674
527,10,1408.0,Linda Munoz,East Thomas,1981
528,17,642.0,Lori Cole,North Savannahberg,2375
529,19,-6.0,Kimberly Baker,Morganbury,1951
530,15,458.0,Cheryl Holmes,Lake Mollyhaven,2668
531,13,964.0,Lee Wilkins,East Cindy,2574
532,14,389.0,Kelly Navarro,Cantumouth,19
533,6,1497.0,Andre Cantu,New Elizabethview,2651
534,13,687.0,Jeffrey Davis,Torresstad,2408
535,14,833.0,Shannon Chen,East Melissa,242
536,9,88.0,Rebecca Jones,Maryfort,701
537,10,-366.0,Harold Wong,Walkerport,2967
538,19,1004.0,Cynthia Brown,Lake Joycetown,2445
539,10,228.0,Luke Smith,West Tanya,1363
540,2,557.0,Jacob Le,West Ericaburgh,1326
541,2,1168.0,Kathryn Griffin,Donnaborough,229
542,8,231.0,Linda Patterson,South Michael,486
543,3,1558.0,Robert Thomas,New Aaron,248
544,11,432.0,Heather Gordon,East Melissahaven,2790
545,1,1437.0,Jacqueline Hughes,Thomasside,18
546,17,807.0,Krista Flynn,Lake Carlos,2446
547,11,1120.0,Mrs. Carla Ayala MD,Millerberg,1251
548,14,-195.0,Nicholas Johnson,North Connie,84
549,18,50.0,Alexander Flores,North Cheyenne,2757
550,12,1500.0,David Hayes,Port Jennifer,1546
551,1,-152.0,Eric Morris,Millerburgh,1793
552,15,12.0,Dr. Nancy Barr,Silvamouth,2009
553,2,615.0,Jessica Flores,Victoriastad,1260
554,3,663.0,Nicholas Franklin,North Amy,1103
555,3,60.0,Francisco Wright,Lake Amber,728
556,5,488.0,Holly Freeman,West Laurentown,1779
557,15,776.0,Anita Wilkinson,Roybury,2372
558,6,1032.0,Dalton Smith,North Catherine,17
559,10,504.0,Margaret Turner MD,Lake Tracy,1417
560,7,1061.0,Benjamin Hamilton DVM,Haleystad,2893
561,9,-267.0,Dr. Shelby Bailey,New Meganshire,375
562,2,734.0,James Whitney,West Mary,2283
563,7,85.0,Brian Meyer,South Cynthia,454
564,10,-480.0,Kathryn Bridges,Stewartfurt,1781
565,1,1026.0,Omar Smith,Jonesmouth,2591
566,6,1423.0,Karen Hernandez,Port Charlesmouth,1372
567,13,-231.0,Justin Whitaker,Rodriguezland,1703
568,15,-306.0,Courtney Miller,New Nicholasview,1051
569,7,948.0,Jason Porter,East Paul,1746
570,14,642.0,Nicholas Keith,South Jonathan,1698
571,19,-467.0,Robert Campbell,Port Tara,151
572,1,597.0,Richard Gay,North Kyle,1980
573,3,749.0,Rachel Moore,Morrischester,2653
574,17,-116.0,Kathryn Roth,Jamesland,661
575,14,308.0,Brandon Hensley,Jacobview,2412
576,16,1.0,Ruben Weber,Maryville,184
577,15,440.0,Dylan Williams,Chasemouth,1562
578,15,1059.0,Laura Washington,South Jamieborough,2970
579,16,141.0,Jordan Williams,Brittanybury,943
580,2,-450.0,Jennifer Jones,Lyonshaven,2607
581,1,357.0,Kenneth Roman,South David,1612
582,4,345.0,Brett Castillo,Amyport,2985
583,8,792.0,Randy Burton,Cruzburgh,369
584,6,826.0,Michael Adams,Owenston,1069
585,8,-254.0,Angela Mcfarland,Hayesshire,237
586,4,1180.0,John Patterson,Herreraport,956
587,19,990.0,Robert Campbell,Lake Vanessa,228
588,4,-72.0,Ashley Ochoa,West Pamelaville,2781
589,4,-393.0,Todd Bryan,New Michael,1084
590,12,301.0,Jeremy Herring,West Renee,183
591,6,95.0,Justin Butler,Stevenfort,625
592,8,718.0,Joshua Kelly,Karenburgh,2896
593,9,970.0,George Hartman,Singhville,1564
594,14,1543.0,Nicole Espinoza,Jerryside,2719
595,7,971.0,Sara Turner,Richardside,159
596,16,1167.0,Aaron Foster,Robertview,1699
597,19,1568.0,Pamela Jones DDS,Torresstad,978
598,6,529.0,Debbie Estrada,Kristiehaven,2258
599,1,350.0,Anna Griffith,Amberhaven,944
600,17,786.0,Samuel Lopez,New Jason,2371
601,9,1436.0,Michael Sullivan,Port Kennethton,1810
602,11,1435.0,Jamie Blankenship,North Mistychester,2897
603,5,113.0,Robert Davis,Thomasmouth,1588
604,16,941.0,Jillian Quinn,Saraview,178
605,3,315.0,Jessica Chen,Gomezchester,1978
606,17,515.0,Kristine Smith,North Henry,1120
607,1,-214.0,Sarah Davila,Jeremychester,240
608,16,-388.0,Tony Mullen,East Lisastad,2571
609,13,1116.0,Walter Hernandez,Ewingmouth,48
610,10,631.0,Dr. Susan Craig,Michellefurt,2884
611,11,212.0,Ronald Carter,Erikton,776
612,2,655.0,Juan Estes,East Wandabury,2860
613,4,1510.0,Kari Little,South Katherine,1555
614,18,540.0,Timothy Morse,Lindamouth,2015
615,7,1526.0,Johnny Reynolds,Tiffanyburgh,201
616,3,796.0,Ashley Garrison,West Adam,1491
617,18,820.0,Jennifer Parker,Andreaside,1364
618,13,165.0,Marcia Mckinney,Robertmouth,1965
619,9,762.0,Michelle Gonzalez,Christopherville,161
620,16,883.0,Nancy Guerrero,New Ericport,1507
621,16,480.0,Rebecca Johnson,South Craigborough,1112
622,10,113.0,Michael Evans,Aguilarton,1178
623,8,332.0,Michelle Reyes,Russellborough,1470
624,14,-454.0,Lauren Mathews,South Shellybury,1175
625,4,1200.0,Kimberly Murphy,Lake Misty,1983
626,3,-399.0,Jose Ray,Lake Cody,642
627,13,1532.0,Robin Thomas,South Adrienne,361
628,18,152.0,Kimberly Smith,Lake Brett,1568
629,7,-4.0,Leah Townsend,Migueltown,1059
630,14,812.0,Patricia Barber,Chanshire,1353
631,17,1083.0,Frederick Wilson Jr.,West Austinberg,743
632,13,-319.0,Victoria Conley,Heatherton,2554
633,8,1389.0,Anthony Blankenship,Port Blake,617
634,17,31.0,Anna Phillips,Kathytown,1373
635,16,827.0,Michelle Green,South Codyville,2606
636,5,-446.0,Julia Mann,Randolphstad,1511
637,7,681.0,Autumn Branch,South Cindy,7
638,7,268.0,Charles Ruiz,West Andrea,1582
639,6,1097.0,Thomas Glover,North Cynthia,1306
640,15,681.0,James Hughes,West Jacob,2681
641,11,-345.0,John Snyder,Tammyburgh,1823
642,19,1206.0,Whitney Hogan,New Robinmouth,2090
643,8,596.0,Chad Cameron,Karinaborough,664
644,7,1079.0,Steven Flores,Port Trevorburgh,1912
645,14,1033.0,Daniel Tucker,East Rebecca,2987
646,15,67.0,Jessica Hill,New Paul,65
647,2,19.0,Ashley Ware,New Justinport,1189
648,6,475.0,Nicole Jones,Port Amyville,1218
649,1,1329.0,Harold Moreno,South Mary,245
650,3,352.0,Alexander Little,Bowenmouth,2276
651,16,-190.0,Ryan Johnson,Cassandraland,2690
652,5,-331.0,Nicole Walls,North Jason,765
653,1,152.0,Brent Hawkins,Travisbury,114
654,8,482.0,Rebecca Murphy,Russoshire,175
655,14,-292.0,Billy Coleman,North Valerie,1619
656,16,782.0,Tracy Vega,East Normabury,543
657,12,703.0,Thomas Terry,Amandatown,2215
658,12,1477.0,Jason Kirby,Port Lauren,1369
659,17,990.0,Anna Jones,New Evan,2372
660,10,603.0,Jose Ryan,Roblesberg,2077
661,6,645.0,Theresa Walker,North Wendy,531
662,18,1481.0,Melanie Nixon,Linview,2404
663,1,-200.0,Scott Becker,Jensenland,2720
664,7,1009.0,Sandra Roberts,Mcintoshchester,1890
665,6,352.0,Lindsay Moore,Webermouth,1925
666,12,-124.0,Connie Dean,Rowetown,1574
667,7,-466.0,Brad Dalton,East Jennifer,2895
668,17,772.0,Nancy Fields,North Victoria,197
669,1,759.0,Jennifer Martinez,Suttonbury,577
670,12,641.0,Cheryl Clark,Duartemouth,1585
671,14,1356.0,Amanda Wilson MD,Susanville,2489
672,16,430.0,Joseph Mcdonald,Garystad,1137
673,16,389.0,Jacob Mitchell,West Scott,2280
674,17,229.0,Valerie Thomas,Lake William,734
675,4,914.0,Matthew Graves,East Elizabethfurt,1535
676,10,-33.0,Heather Graham,Sanchezmouth,1075
677,4,154.0,Steve Hogan,West Tracyport,752
678,7,787.0,Stephanie Harrison,Bartlettland,1936
679,18,-172.0,Alyssa Waller,Alexandrafort,461
680,14,54.0,Joann Mccall,Port James,2545
681,16,101.0,Mackenzie Ellis,West Barbara,775
682,16,1395.0,Krista Grimes,South Garrett,2385
683,6,-133.0,Jeremy Brown,Lake Crystalborough,351
684,8,37.0,Brad Faulkner,Sandovalmouth,1858
685,10,16.0,Kenneth Ferguson,South Karenland,2712
686,9,1139.0,Benjamin Mckee,Michaelport,874
687,15,1507.0,Isaac Bowen,Greenland,2996
688,19,-359.0,Elizabeth Nelson,West Mary,2307
689,2,370.0,Tonya Valentine,Joyceton,2108
690,13,-114.0,Melissa Acevedo,Loweton,1036
691,14,1345.0,Vickie Brown,Lake Whitneyside,2224
692,14,1262.0,Amy Collins,Port Misty,1877
693,12,619.0,David Cook,Clarenceview,248
694,1,-206.0,Matthew Murray,Weaverborough,2248
695,17,-118.0,Alexis Sanchez,Port Pamelaport,1496
696,12,-353.0,Melissa Escobar,Lake James,2531
697,13,1265.0,Donald Thomas,West Jeffery,2141
698,6,258.0,Charles Smith,Walkerburgh,1595
699,8,817.0,Charles Navarro,Jacobsonmouth,2487
700,2,243.0,Bonnie Mcfarland,Owenstown,74
701,7,-306.0,Rita Graham,Grantburgh,2882
702,11,1311.0,Donald Bray,North Kimberly,708
703,1,382.0,Monica Zimmerman,Port Brenda,1363
704,15,-436.0,Victor Howard,East Troystad,1787
705,18,1324.0,Brittany Hampton,West Steven,258
706,14,-476.0,Christopher French,Dylanville,7
707,9,-263.0,Stephanie Hodges,East Jennifer,642
708,7,676.0,Kathy Becker,Heatherborough,1811
709,4,351.0,Scott Marshall,Moralesbury,1592
710,17,1062.0,April Taylor,Port Jeff,1218
711,6,-439.0,Cheryl Gonzalez,Randallville,1930
712,11,861.0,Ethan Ward,South Michellechester,1783
713,2,1595.0,Michele Phelps,Williamshaven,2179
714,15,1456.0,Sarah Douglas,East Tiffanyberg,2983
715,2,135.0,Tamara Strong,South Joseph,1510
716,11,-220.0,Jason White,Garyland,2368
717,7,1499.0,Ryan Good,Sharimouth,2284
718,6,354.0,Cheryl Stewart,Mercadohaven,1264
719,3,92.0,Sean Johnston,Watkinsborough,1755
720,14,329.0,Steven Vaughan,Gregoryfurt,1842
721,15,681.0,Erin Turner,Dominiqueberg,308
722,5,969.0,Deborah Irwin,Martinfort,1612
723,14,185.0,Julie Burke,West Pamelahaven,2487
724,2,720.0,Kayla Young,Martinezville,2039
725,7,1096.0,Robert Macias,Berryborough,259
726,18,745.0,Cassandra Rodriguez,East Jessicahaven,321
727,15,664.0,Misty Rodriguez,South Sethville,1150
728,2,-54.0,Alexis Knight,Lake Monica,296
729,17,1417.0,Robert Huang,Masontown,2072
730,14,908.0,Heidi Banks,Lake Alexa,593
731,2,1009.0,Ellen Turner,Thomasburgh,2732
732,7,986.0,Diana Woodard,Stevensbury,210
733,6,1315.0,Joshua Flynn,Pittmanside,684
734,12,877.0,Daniel Woods,North Donna,2808
735,11,233.0,Kathleen Gray,Lake Alexander,2908
736,14,1370.0,James Mcneil,Port Ricky,2696
737,14,977.0,Amy Campos,North Alice,2247
738,6,115.0,Laura Yang,South Eddiemouth,2991
739,4,621.0,Kathleen Bradshaw,Deborahberg,1962
740,17,1029.0,Eric Aguilar,Stevensburgh,2883
741,5,365.0,Ryan Jenkins,North Dawn,1514
742,11,-156.0,Elizabeth Bennett,Henrybury,1812
743,11,893.0,Jeffrey Bailey,Lake Christian,829
744,8,1378.0,Alexandra Greer,Port Breannaland,2743
745,10,433.0,Carol Byrd,South Meganstad,200
746,12,587.0,Dr. Emily Lynch,New Tina,161
747,17,291.0,Patrick Scott,Hawkinsview,2371
748,10,1221.0,Dr. Matthew Perez,Williamsborough,2333
749,18,214.0,Jeanette Davis,Luisport,1775
750,8,420.0,Gwendolyn Martin,Tylerfurt,299
751,6,1033.0,Jennifer Stanley,Steelemouth,2984
752,7,1173.0,Joshua Archer,North Jamesberg,104
753,15,1131.0,April Bell,Pamelatown,2739
754,16,769.0,Christine Fisher,Jamesfort,869
755,13,-259.0,Seth Horne,Lake Marissamouth,2779
756,10,745.0,Craig Young,Josephfort,612
757,18,-299.0,Rachel Stewart,Petersonmouth,365
758,13,-446.0,Morgan Carroll,East Kristy,461
759,5,1050.0,Alexandra Watson,Port Andreview,1569
760,5,-281.0,Donald Mitchell,Brianfort,1930
761,14,142.0,Yvonne Figueroa,Madelinemouth,1595
762,5,1396.0,Jennifer Porter,Maxwellburgh,260
763,17,-344.0,Patrick Rojas,Davidport,346
764,5,1366.0,Sabrina Watkins,Donovanstad,2634
765,10,1337.0,Joanne Nelson,New Anita,2021
766,6,1568.0,Thomas Brown,Tamaraside,570
767,1,458.0,Alejandro Taylor,New Hollybury,1244
768,7,172.0,Lori Brown,Frenchmouth,2010
769,16,132.0,Vanessa White,Brianaview,584
770,10,1437.0,Tina Jenkins,East Vincentchester,877
771,10,-86.0,Dominic Wilson,East Eric,486
772,19,656.0,Allen Donaldson,Smithview,1617
773,7,518.0,Tyler Perez,Port Robertview,923
774,10,366.0,Amy Moore,Kyleshire,1068
775,11,1596.0,Karen Clark,New Jennifer,821
776,18,1000.0,Allen Hester,North Craig,2628
777,11,1063.0,Shannon Mason,Michaelchester,1252
778,19,-415.0,Rhonda Lewis,West Adamborough,695
779,11,1354.0,Gerald Richard,South Danielport,2460
780,16,-61.0,Jonathan Stevens,Reginaborough,2512
781,11,700.0,Kristi Doyle,Courtneystad,794
782,5,616.0,John Wood,West Lauriestad,1874
783,5,1364.0,Robin Whitaker,Bakerport,2299
784,4,929.0,Robert Matthews,Christopherfurt,2384
785,15,46.0,Courtney Davis,New Francisco,1780
786,10,364.0,David Hoffman,Barnesville,1592
787,8,339.0,Aaron Hodges,Lake Jacob,384
788,18,63.0,Claudia Nguyen,Travisbury,2490
789,8,920.0,Ryan Fletcher,Joshuafort,1371
790,10,395.0,Zachary Johnson,Boydville,557
791,8,1172.0,Tracy Potter,New Steveland,2136
792,6,899.0,John Roberts,Laraberg,2580
793,18,1226.0,Jessica Robinson,South Stephenville,1118
794,3,814.0,Crystal Hoffman,Craigmouth,2634
795,9,1388.0,Daisy Newman,Port Heatherview,282
796,6,1321.0,Maria Holmes,South Jamesfurt,857
797,14,-318.0,Donald Kidd,East Davidland,1588
798,5,118.0,Michael Cooper,Lake Paula,2091
799,16,1247.0,William Douglas,Port Tiffany,2858
800,16,1438.0,Christopher Gilbert,South Jessicaville,76
801,6,348.0,Kristen Schneider,Williamsville,1309
802,11,-170.0,Edward Francis,Byrdburgh,983
803,4,694.0,John Jones,New Jacobshire,2155
804,16,593.0,Nicholas Savage,West Josephberg,478
805,10,661.0,Robert Maddox Jr.,New James,1570
806,5,988.0,Steve Fitzgerald,Williamborough,2889
807,16,-51.0,Johnny Fuller,West Aprilhaven,505
808,5,1104.0,Carrie Perez,Roachland,1105
809,5,250.0,Audrey Aguilar,Jessicaborough,404
810,9,1490.0,Molly Davenport,Briannaview,346
811,2,45.0,Catherine Jackson,Lisaville,1950
812,3,-147.0,Daniel Chavez,South Christineside,2968
813,8,1024.0,Nathan Anderson,Lake Matthewstad,2210
814,10,104.0,Mr. Frank Cole,East Bruce,2055
815,17,-408.0,Susan Howard,Curtismouth,1832
816,18,14.0,Andrea Anderson,West Lisaburgh,2095
817,18,667.0,Alexis Castillo,Chungstad,228
818,1,-12.0,Adam Maldonado,New Lisa,340
819,12,1578.0,Caroline Anderson,Johnchester,1903
820,6,613.0,Diana Whitney,New Anthony,1327
821,1,410.0,Kathryn Scott,Wolfmouth,1366
822,10,-489.0,Brent Howe,Meyersville,730
823,17,-230.0,Douglas Sloan,Leonardburgh,1560
824,17,-451.0,Howard Mcguire,Elijahbury,2916
825,1,756.0,Kenneth Rowland IV,Meganchester,1922
826,2,-237.0,Christopher Ray,East Deanport,2293
827,1,375.0,Donald Russo,East Derekstad,1924
828,16,1243.0,Craig Brown,North Gerald,1774
829,13,981.0,Kelly Guzman,Lake Jessica,2961
830,6,908.0,Danielle Watkins,Bowmanfurt,2856
831,6,271.0,Gregory Morgan PhD,Sparksstad,1344
832,2,709.0,Jeremy King,North Elizabeth,37
833,19,938.0,Marco Ryan,West Angela,1090
834,13,217.0,Alexis Jones,North Leonardfort,1169
835,13,741.0,Christopher Gardner,North Sarah,418
836,1,1339.0,Tracy Williams,East Laurie,1803
837,16,1447.0,Kevin Maxwell,West Jennifer,2504
838,18,992.0,Aaron Arnold,East Marktown,93
839,18,388.0,Tom Gonzalez,Garcialand,887
840,16,1479.0,Brandon Jenkins Jr.,Hernandezland,1091
841,2,1443.0,Dr. Amy Taylor,Davidmouth,2734
842,6,-389.0,Angel Valdez,New Ericstad,2159
843,6,-121.0,Cristian Martin,East Christytown,984
844,18,758.0,Steven Sanchez,East Sarahhaven,742
845,12,477.0,Jenna Ford,North Gabrielville,2068
846,14,1374.0,James Banks,East Nicholasbury,2904
847,14,445.0,Francis Gilbert,New Timothyshire,1287
848,16,695.0,Scott Miller,East Kelly,438
849,5,449.0,Autumn Richardson,Samanthaview,1516
850,12,1323.0,Amy Frazier,South Malik,1221
851,19,516.0,Larry Russo,West Curtismouth,612
852,19,62.0,Kristen Chapman,Jenniferburgh,423
853,12,-6.0,Fernando Roberts,West Michaelview,2361
854,5,1001.0,April Vaughn,East Robertview,2862
855,17,-280.0,Lance Kelly,East Christinebury,1926
856,13,-383.0,Barbara Barber,New Triciaberg,2198
857,7,-273.0,Robert Smith,South Jamesport,2285
858,16,-10.0,Randall Anderson,North Rebecca,1355
859,17,-327.0,Megan Diaz,Stevetown,2509
860,12,739.0,Karen Shaw,Isaacbury,526
861,16,1200.0,Dr. Heather Hanna,Lake Richardland,201
862,17,1041.0,Amber Andrade,Lake Kevin,2655
863,9,503.0,Emily Stewart,Alisonshire,526
864,17,-398.0,Linda Rogers,Burnettberg,1008
865,6,452.0,Melissa Diaz,Port Donna,2341
866,12,1396.0,Jill Massey,Tanyaburgh,1776
867,8,1136.0,Crystal Singh,Markshire,2087
868,2,1436.0,Melissa Simmons,Grayfurt,1971
869,9,-351.0,Crystal Steele,Port Edwardview,1848
870,9,1092.0,Michael Meza,South Samuel,1323
871,18,144.0,Samantha Jensen,Megantown,2129
872,12,523.0,Kim Friedman,West Joshua,158
873,3,1183.0,Zachary Davis,Gonzalesbury,1817
874,6,1443.0,Eric Kelly,North Denise,1683
875,13,441.0,Juan English,Bryanburgh,732
876,5,571.0,Laura White,Dianahaven,1351
877,2,1212.0,Sarah Hoover,Lake Deannachester,2533
878,1,656.0,Aaron Jacobson,Lake Philip,2971
879,11,-68.0,William Perez,Colefort,1499
880,14,-489.0,Anthony Alvarado,Vincentton,1269
881,4,-404.0,Shawn Ayala,Port Kyle,1505
882,14,1439.0,Drew Daniels,Benjaminchester,532
883,14,1002.0,Misty Davidson,North Kelsey,1944
884,18,-437.0,Laura Alexander,Port Thomas,1995
885,16,29.0,Timothy Jenkins,North Davidchester,2901
886,9,1518.0,Kenneth Diaz,West Danielburgh,1131
887,9,290.0,Alan Odonnell,North Jacobburgh,1079
888,16,66.0,Rhonda Kim,Ortizhaven,2874
889,17,121.0,Jasmine Moon,North Timothytown,1473
890,11,715.0,Ann Smith,Jessefurt,400
891,2,1049.0,Heather Castillo,Andrewfort,252
892,8,4.0,Erica Santiago,Conwayfurt,759
893,2,-423.0,Roger Adams,Sellersshire,194
894,5,1377.0,Teresa Weaver,New Gabriellaberg,1502
895,19,1006.0,Tammy Miller,New Theresafort,1501
896,5,812.0,Albert Soto,Robertburgh,2708
897,12,1121.0,Samantha Whitney,Davidville,2168
898,9,-68.0,Virginia Wade,Howellland,1043
899,9,842.0,Shawn Kerr,Port Jasonland,608
900,18,-190.0,Paul Mccoy,North Dalton,1275
901,5,-25.0,Amy Lewis,New Ronnieville,100
902,4,1504.0,Joel Patterson,West Brianchester,1717
903,8,775.0,Danielle Alvarez,Lake Ethan,2471
904,17,282.0,Shaun Young,Pinedamouth,1054
905,1,-411.0,David Green,Port Dustin,2340
906,11,-473.0,Joshua Austin,Baileybury,1106
907,13,232.0,Stacy Jimenez,Johnsonborough,312
908,1,-122.0,Patrick Brown,Joseside,1988
909,5,-371.0,Brian Watson,Grantburgh,1614
910,15,748.0,Robert Wade,North Danielmouth,1448
911,19,886.0,George Carr,Amyview,1493
912,5,311.0,Melinda Massey,Jonathanhaven,1846
913,3,264.0,Jordan Johnson,Port Robertmouth,892
914,1,1398.0,Ashley Blackwell,North Laurie,934
915,13,485.0,Jonathan Cohen,South Devin,2683
916,5,1302.0,Melissa Crane,Millerport,2844
917,18,-400.0,Michael Allen,Lake Michaelbury,675
918,9,1118.0,David Gallegos,South Nicholasborough,2427
919,19,87.0,Randy Johnson,East Tannertown,263
920,15,843.0,Debra Hunter,Scottberg,436
921,13,-323.0,Andrew Ellis,North Lindseyshire,2210
922,7,1319.0,Katherine Vazquez,Brandimouth,1351
923,3,1407.0,Brent Smith,Angelicaview,420
924,13,1088.0,Daniel Simmons,Mooreberg,430
925,2,1215.0,Roberto Gonzalez,Larsonchester,2259
926,9,71.0,Ronald Watkins,North Sierra,466
927,17,782.0,Patrick Robinson,Munozport,1735
928,14,1171.0,Benjamin Cole,Lake Alexishaven,787
929,6,-464.0,Kimberly Church,East Allison,2507
930,4,953.0,Brian Williams,Lisatown,839
931,6,1475.0,Christopher Davis,South Leemouth,1733
932,13,-23.0,Anthony Diaz,North Adriana,2196
933,10,854.0,Kimberly Ball,East Jeffrey,1531
934,19,345.0,Dennis Villanueva,Port Jenniferfort,1334
935,12,1175.0,Todd Richardson,Contreraston,2089
936,5,594.0,Russell Johnson,Sarahland,1791
937,2,-487.0,Andrew Wilson,South Kristin,799
938,1,66.0,David Wiggins,Port Kennethstad,1023
939,16,280.0,Melissa Elliott,Martinstad,122
940,12,818.0,Mr. Timothy Weaver,Port Daleville,1646
941,17,1016.0,Trevor Bryant,North Austinport,1632
942,17,-208.0,Heather Camacho,South Heidichester,2075
943,2,-224.0,Dr. Andrew Mason Jr.,Lake Courtneyport,2324
944,6,1128.0,Sarah Williams,Robertburgh,2549
945,5,133.0,Robert Williams,West Spencerstad,1035
946,9,397.0,Kevin Merritt,Dicksonfurt,211
947,7,-93.0,Victoria Robinson,Andersonstad,205
948,5,1063.0,Gary Williams,New Brittneytown,2949
949,2,358.0,Emily Carter,Michaelstad,2329
950,1,481.0,Melissa Torres,Seanburgh,2049
951,3,1388.0,Lauren Jones,New Patricktown,1052
952,5,733.0,Cheryl Allison,Simsmouth,2275
953,7,1116.0,Stephanie Morales,Grahamberg,1700
954,11,1091.0,Steven Green,Caseyton,348
955,14,-328.0,Andrea Bailey,East Douglas,2985
956,7,-18.0,Timothy Patel,Bishophaven,1351
957,14,658.0,Robert Mcmillan,Port Jamesburgh,1053
958,12,1391.0,Corey Alexander,Stewartside,586
959,4,38.0,Cassandra Mahoney,Duranland,563
960,9,221.0,Mark Tran,Dillonton,1563
961,13,971.0,Corey Lang,East Marioview,2735
962,5,-200.0,Sonia Smith,Jonesside,722
963,3,1453.0,Ryan Adams,Jonathanfurt,1564
964,12,1514.0,Connor Thomas,East Christine,2607
965,11,1467.0,Erin Rodriguez,Port Lorifort,1016
966,4,425.0,Samantha Hall,Connieshire,1259
967,16,555.0,Brenda Martinez,New Michaelhaven,2740
968,11,41.0,Destiny Scott,West Crystalborough,2766
969,4,444.0,Hannah Walker,Mistyville,1663
970,15,425.0,Tyler Pierce,Ryanland,641
971,4,248.0,Kevin George,Port Tammyland,303
972,4,-381.0,Rachel Campbell,New Melissa,811
973,17,740.0,Brad Ortiz,Josephshire,126
974,13,642.0,Jacob Martinez,New Donaldside,1572
975,3,1477.0,Jennifer Sullivan,Lake Randall,2540
976,2,304.0,Christopher Li,New Elizabeth,772
977,19,815.0,Kristin Garza,West Donnachester,1436
978,16,91.0,Michelle Martin,Jenniferside,1463
979,4,390.0,Maurice Blair,Millerhaven,448
980,2,1075.0,Gloria Alexander,Bergside,2492
981,7,1037.0,Timothy Ellis,Curtisside,17
982,3,1124.0,Zachary Abbott,New Diamondhaven,2126
983,4,114.0,Ronnie Robinson,New Jenniferbury,1543
984,18,67.0,Alexis Rivera,New Joseph,2335
985,6,1183.0,Anna Johnston,Dianeside,976
986,8,1127.0,Nancy Cook,Norrisport,2019
987,10,33.0,Olivia Park,Port Joannberg,1013
988,10,771.0,Jessica Macias,West Jonathan,746
989,16,1280.0,Jonathan Lawrence,Levinestad,278
990,13,458.0,Thomas Gordon,Russofort,264
991,2,-475.0,Caleb Freeman,Haroldland,1670
992,16,647.0,Heather Quinn,Port Kiara,1750
993,16,-355.0,Joshua Schneider,North Johnhaven,655
994,7,407.0,Jessica Keller,Jenkinsfurt,2388
995,1,213.0,Kayla Hernandez,Kariview,286
996,1,-127.0,Jessica Jones,Brewerville,2769
997,5,288.0,Stacey Barrera,Jessicafurt,2924
998,16,1393.0,Richard Hill,New Samantha,2933
999,14,786.0,Heather Bishop,Lynnfurt,2321
1000,9,218.0,Jennifer Price,Kennedyshire,725
1001,10,1217.0,Toni Livingston,Hernandezstad,1245
1002,18,-169.0,Juan Bell,North Beth,1960
1003,19,1441.0,Lori Taylor,East Kara,2322
1004,15,532.0,Kelly Mann,Michellemouth,1843
1005,14,1348.0,Cameron Pacheco,Jonesfurt,590
1006,4,206.0,Douglas Silva,Sarabury,1817
1007,2,24.0,John Brooks,Omarville,624
1008,15,923.0,Cameron King,Georgebury,2875
1009,2,1085.0,Heather Davidson,Pricehaven,2550
1010,9,1577.0,Kayla Mays,Lake Emily,2792
1011,1,116.0,Angela Chambers,North Theresa,2476
1012,15,505.0,Bruce Reyes,Mullenfurt,2935
1013,4,600.0,Julia Lester,Nunezberg,661
1014,4,-344.0,Jasmine Deleon,Johnton,836
1015,10,-408.0,Rebecca Knapp,Smithton,910
1016,7,990.0,Crystal Thompson DDS,New Josephborough,1867
1017,9,275.0,Robert Hammond,Wyattfurt,433
1018,12,1460.0,Christina Mccullough,Lake Whitneymouth,746
1019,6,-245.0,Alexandra Washington,South Melissahaven,2481
1020,13,833.0,Thomas Morales,Lake Benjamin,2010
1021,6,859.0,Thomas Welch,Lake Heidifort,2624
1022,6,-250.0,Samuel Ramos,Vaughntown,529
1023,18,1267.0,Melissa Edwards,Lake Pamela,2536
1024,9,-234.0,Denise Watkins,North Jenniferhaven,2728
1025,18,-99.0,Michael Romero,New Paul,514
1026,3,181.0,Emily Nicholson,Lauraburgh,2126
1027,11,1312.0,Robin Garcia,Brownville,102
1028,4,195.0,Gina Buckley,South Fernandomouth,2445
1029,19,45.0,Lisa Guerra,East Carl,15
1030,2,1577.0,Julian Neal,West Rachelview,1841
1031,10,1582.0,Patrick Smith,North Jessica,673
1032,12,493.0,Brian Mckay,Solomonshire,1601
1033,5,1019.0,Jocelyn Williams,Cooperport,248
1034,7,296.0,Jasmine Ellis,East Lisa,2928
1035,18,117.0,Mrs. Donna Gonzalez DVM,Wendyfort,1794
1036,13,848.0,Mallory Hunt,Cummingsland,1657
1037,3,1000.0,Amanda Stark,Christinaberg,531
1038,4,1467.0,Lisa Hall,East Andreaborough,747
1039,9,-206.0,Tina Melendez,Adammouth,2052
1040,11,1586.0,Joseph Saunders,Port Gina,2214
1041,18,11.0,John Nguyen,Susanborough,120
1042,10,146.0,Brittany Chandler,North Connorview,865
1043,2,-5.0,Brittney Hall,South Mary,399
1044,12,1307.0,Peter Watson,Dennisville,1692
1045,8,1568.0,Paul Ruiz,Gayville,2721
1046,4,1122.0,Nathan Johnson,West Cindyland,695
1047,10,-19.0,Carolyn Wright,West Julia,2942
1048,5,-413.0,Katherine Jackson,Lake Catherine,1917
1049,7,1182.0,Ryan James,Perkinsland,1813
1050,19,901.0,Angel Stevens,Kimchester,1485
1051,18,622.0,Meredith Perez,North David,2936
1052,16,749.0,Lindsay Davis,Sarahmouth,673
1053,19,-324.0,Susan Clark,North Shannonburgh,1866
1054,5,168.0,Stephanie Townsend,West Brandonshire,416
1055,9,1047.0,Dustin Dodson,Thompsonland,2697
1056,2,-405.0,Michelle Fowler,Walkershire,2006
1057,6,447.0,Scott Bentley,West Omarport,1530
1058,11,1291.0,Craig Macias,Bushfurt,1294
1059,9,-346.0,Courtney Brock,Alexishaven,2582
1060,2,1142.0,Mr. Richard Melendez DDS,Port Michaeltown,1704
1061,7,211.0,Jose Hensley,Snowbury,139
1062,15,-390.0,Jordan Burke,Benjaminburgh,2298
1063,9,-111.0,Suzanne Wells,Haileymouth,1196
1064,13,150.0,Susan Thompson,North Laurie,546
1065,17,1061.0,Christine Hall,West Sara,570
1066,3,1071.0,Ricky Rios,South Donald,875
1067,19,404.0,Brittany Sanchez,Lake Rebecca,480
1068,11,1425.0,Emily Miller,Bellberg,1070
1069,9,117.0,Brian King,Lake Anita,343
1070,16,1104.0,Julie Hernandez,East Johnmouth,1910
1071,7,502.0,Devon Guerrero,Mcgrathside,1885
1072,16,1163.0,Michael Patel,Reedport,223
1073,15,1249.0,Frank Green,Port Theodore,2059
1074,14,407.0,Deanna Hayes,Wendystad,331
1075,5,971.0,Angela Mccoy,North Saraport,2355
1076,12,1543.0,Brian Chang,Torresland,754
1077,19,446.0,Jennifer Stone,West Julie,2440
1078,9,-294.0,Randy Rivera,Port Sarastad,2351
1079,17,1190.0,Mark Moore,New Elizabeth,803
1080,16,1318.0,Andrew Glenn,South Whitneyhaven,616
1081,19,-22.0,Tiffany Perkins,Whiteland,1758
1082,15,1034.0,Carl Smith,Rileyfort,2836
1083,4,-343.0,Dominique Joseph,Port Jonathan,2544
1084,9,-367.0,Brandon Myers,North Matthew,114
1085,5,1388.0,Sandra Jackson,Lake Julie,2152
1086,8,88.0,Ms. Dawn Whitehead PhD,New Angelaland,744
1087,12,356.0,Nicholas Beck,East Nancyborough,140
1088,17,-471.0,Daniel Campbell,Jessicaberg,38
1089,8,666.0,Heather Blackwell,Kevinton,2868
1090,7,888.0,Andre Guzman,East Kayla,2678
1091,4,21.0,Tina Stanton,Lindseytown,2935
1092,16,689.0,Frank Romero,Justinfurt,2773
1093,8,198.0,Malik Moore,East Barrybury,1037
1094,12,620.0,Eric Gibbs,Douglasstad,2647
1095,11,-192.0,William Gomez,Williamsland,1889
1096,12,204.0,Melanie Owens,East Michelle,492
1097,3,525.0,Kim Burns,East Autumn,2395
1098,5,844.0,Dakota Wilcox,Lake Patrickchester,470
1099,16,572.0,Patrick Ford,Sarahtown,793
1100,16,1236.0,Jennifer Murphy,Port Wendy,1530
1101,11,249.0,Amanda Fleming,Martinberg,75
1102,2,-161.0,Taylor Gregory,Port Albertberg,423
1103,11,449.0,Stephanie Cummings,Jimenezstad,1545
1104,14,1292.0,Brian Gomez,Moralestown,2284
1105,4,-387.0,Mariah Jenkins,Davisborough,1248
1106,3,1096.0,Jeffrey Sherman,Connorstad,942
1107,19,-236.0,David Vargas,Port Thomas,755
1108,13,736.0,Kathleen Hunt,Port Susanton,659
1109,9,-181.0,Philip Jenkins,Alexanderside,2194
1110,17,1569.0,Brian Pacheco,Lopezland,1892
1111,6,1273.0,Jacob Kline,West Brandon,2678
1112,3,612.0,Daniel Green,North Summerburgh,220
1113,8,-131.0,Karl Lucas,East Kayla,1460
1114,16,500.0,Jennifer Lewis,Colleenton,1127
1115,12,477.0,Andrew Mcdowell,Bakerton,1852
1116,8,1318.0,Logan Brady,Lake Hannah,2008
1117,6,-107.0,Patricia White,Wilsonshire,528
1118,17,-32.0,Edward King,Russellland,8
1119,16,141.0,Anthony Rodriguez,Port Martinfort,1512
1120,12,265.0,Terry Villarreal,West Jonathan,35
1121,4,373.0,Jeremy Carey,New Johnfort,2435
1122,12,687.0,Stephen Henderson,East Brittney,1126
1123,5,1138.0,Norma Contreras,Bradfordbury,479
1124,14,1363.0,Sean Jacobs,Lake Andreabury,1113
1125,10,-365.0,Jonathan Mcfarland,Kathrynland,2542
1126,7,-64.0,Sarah Oneal,West Michelleton,1479
1127,1,-296.0,Zachary Hale,West Shannon,2920
1128,16,177.0,Patricia Owen,Colemanchester,1135
1129,19,-424.0,Heather Jones,Shawnberg,1945
1130,6,1508.0,John Stokes,Lake Catherine,1077
1131,10,719.0,Haley Craig,West Douglaston,1103
1132,8,839.0,Dr. Michael Dickerson,Port Anthony,548
1133,18,613.0,Stephanie Green,Jennifermouth,145
1134,17,295.0,Steven Ortiz,West Scott,2003
1135,2,-471.0,Manuel Scott,South Jessicachester,2491
1136,15,-21.0,Amy Gilmore,Timothyburgh,1463
1137,15,556.0,Kimberly Buck,Krystalport,2251
1138,7,-467.0,Robin Juarez,New John,2966
1139,10,-322.0,Michael Ross,North Erika,2798
1140,17,-41.0,Douglas Sweeney,Mercedesberg,818
1141,12,1367.0,Robert Ramos,Davidland,1489
1142,8,1408.0,Brittany Johnson,Allisonmouth,2046
1143,8,-453.0,Lisa Garcia,Trevorshire,328
1144,10,-344.0,Mary Martin,Josephtown,1934
1145,4,145.0,Gregory Frey,Kimberlyshire,850
1146,3,138.0,Nathan Fisher,Port Paul,1927
1147,19,-305.0,George Nichols,Tonyborough,2050
1148,5,707.0,Stuart Calderon,West Brianton,2731
1149,18,-8.0,Cody Harmon,Wadeton,2963
1150,5,1512.0,Anita Ellis,Lake Tammy,1184
1151,12,-217.0,Emily Ingram,Michaelview,2999
1152,2,1225.0,Robert Hurst,Lopezview,2014
1153,6,299.0,Matthew Santiago,North Alison,2702
1154,17,1522.0,Nicholas Daniel,Gillmouth,1920
1155,13,441.0,Ashley Taylor,Alexanderhaven,312
1156,13,911.0,Shannon Hunter,New Brandonfort,2114
1157,12,522.0,Willie Ortega,Henryburgh,850
1158,4,1514.0,Kyle Bennett,Lake Susanview,1374
1159,6,307.0,Jennifer Delgado,North Sandra,2567
1160,9,-90.0,Cameron Lopez,West Julieville,2723
1161,2,1448.0,Jose Hull,Proctorstad,1277
1162,19,797.0,Karen Nelson,South Sarah,2896
1163,1,-223.0,Donna Kirby,Garciaport,941
1164,11,898.0,Jessica Mcbride,Port Jeremiahborough,2573
1165,1,574.0,Mark Wang,East Angelaview,694
1166,9,239.0,Nancy Jennings,Dawsonview,1191
1167,10,320.0,Louis Jenkins,Millerhaven,2390
1168,3,1375.0,William Green,Sallyhaven,71
1169,15,1416.0,Robert Taylor,South Samantha,2178
1170,13,1115.0,Jordan Briggs,North Sean,2473
1171,17,612.0,Danny Alexander,Wardtown,1459
1172,6,1411.0,Eugene Whitehead,South Joseph,1623
1173,5,183.0,Aaron Edwards,North Audrey,2836
1174,5,514.0,Stephanie Ramos,South Joann,1592
1175,17,404.0,Ernest Ramirez,East Gary,2464
1176,9,-353.0,Caleb Johnson,South Jesseside,778
1177,5,1427.0,Katie Cordova,Chelseyside,1049
1178,2,312.0,Stacey Evans,North Waltermouth,2694
1179,17,26.0,Ms. Amber Mills,Cindyshire,1172
1180,4,963.0,Megan Hernandez,North Kathleen,2870
1181,16,320.0,Gina Rodriguez,Dudleyfort,2164
1182,6,-203.0,Amy Evans,West Larry,1484
1183,9,1533.0,Erik Castillo,Lake Miranda,842
1184,16,636.0,Meagan Ramsey,South Joburgh,442
1185,15,706.0,Justin Owens,Rebeccaton,117
1186,9,-300.0,Brenda Caldwell,Grahamshire,2655
1187,1,122.0,Wesley Yates,Lake Christopherfort,13
1188,9,1164.0,Peter Berger,East Helenview,142
1189,15,-116.0,Christopher Reed,Brockborough,2778
1190,11,-72.0,Patricia Perez,Bartlettview,9
1191,2,77.0,James Acosta,Fergusonchester,1137
1192,6,893.0,Jennifer Hansen,North Christopherville,2687
1193,19,151.0,Robert Sullivan,Coxberg,1491
1194,12,1122.0,Jose Knight DDS,Medinatown,1872
1195,12,1257.0,Curtis Erickson,South Nicole,168
1196,12,1305.0,Allison Simmons,East Brookemouth,204
1197,11,559.0,Dana Hayes,Susanberg,1837
1198,16,19.0,Clarence Perkins,Watsonshire,658
1199,1,669.0,Charles Shaffer,Josephside,279
1200,3,-117.0,Sara Griffin,Turnerfort,155
1201,17,-167.0,Bryan Lowery,Kristopherview,2051
1202,16,-481.0,Dr. Erica Lang,South Lance,408
1203,10,860.0,Ashley Rogers,Mejiaberg,905
1204,16,1001.0,James Reyes,Richardchester,2534
1205,7,-162.0,Mark Vasquez,East Colton,723
1206,17,1268.0,Regina Shelton,Smithton,1489
1207,11,-227.0,Danielle Brown,Lake Brandon,2384
1208,6,1562.0,Steven Long,Christopherfurt,1485
1209,1,332.0,Alexander Sims,Port Deborah,1823
1210,4,1352.0,Jennifer Harrell,North Michellebury,177
1211,2,-186.0,Dana Long,New Samuel,2275
1212,6,635.0,Heather Clark,Duanestad,2133
1213,13,700.0,Aaron Rogers,North Davidburgh,2744
1214,12,1586.0,Mark Abbott,Pricefort,2529
1215,3,-71.0,Nicholas Carson,Geraldland,1584
1216,17,-377.0,Eric Anderson,Port Tanya,908
1217,11,-66.0,Mary Rogers,South Beverly,1011
1218,17,1149.0,Paul Griffin,Miguelhaven,1296
1219,8,958.0,Kathleen Williams,Port Carrie,1245
1220,18,1368.0,Ann Gonzales,Allisonburgh,2783
1221,11,655.0,Stephanie Daniel,Lake Lisamouth,2137
1222,3,886.0,Courtney Reed,Haysfurt,12
1223,5,-269.0,Glen Miller,Richardfort,2670
1224,10,500.0,Whitney Hale,Sanchezfort,2265
1225,12,1100.0,Cody Graham,Davidview,2960
1226,9,1226.0,Mr. Albert Castillo II,Mooremouth,2610
1227,7,-326.0,Jeremy Anderson,South Josephtown,2238
1228,1,1148.0,Alexis Spencer,West Ambershire,2908
1229,3,596.0,Jackson Dixon,West Kristen,2892
1230,14,587.0,Mrs. Roberta Thompson,Phillipsbury,190
1231,13,920.0,Olivia Berry,Jenningsville,1132
1232,2,1050.0,Denise Brown,Port Terriview,2748
1233,3,1229.0,Melissa Morgan,Debrafurt,2982
1234,19,1128.0,Joyce Wilson,Johnburgh,2093
1235,17,-282.0,Danielle Doyle,Stephenbury,402
1236,3,839.0,Michael Dominguez DDS,Port Angela,2972
1237,9,607.0,Joseph Allen,Jacobbury,2555
1238,13,200.0,Deanna Becker,Cameronview,2137
1239,3,281.0,Thomas Coleman,Jessicaland,2434
1240,3,1240.0,Patricia Wright,Stephenton,2157
1241,2,1085.0,Alison Snyder,New Georgeport,1913
1242,10,1568.0,Thomas Gilbert,New Lindsayfort,2983
1243,12,309.0,Kristi Cummings,West Sarahfurt,107
1244,14,1518.0,Robert James,Lake Katie,1538
1245,2,-54.0,Raymond Wong,Caseychester,1311
1246,10,89.0,Joshua Hanna DDS,Davidbury,2298
1247,17,369.0,Todd Lopez,Angelabury,1591
1248,17,1175.0,Shannon Turner,Natalieberg,2259
1249,12,-173.0,Maria Montes,Lake Sarahmouth,593
1250,4,122.0,Samuel Lewis,Beststad,734
1251,5,1590.0,Daniel Foley,Jasonberg,305
1252,5,1314.0,Timothy Hall,West Kristinchester,996
1253,13,46.0,Cassandra Armstrong,Myersfort,1997
1254,3,539.0,Jimmy Williams,Wilsonmouth,893
1255,12,1529.0,Tamara Morrow,Port Karibury,224
1256,9,342.0,Mr. Matthew Simmons Jr.,Daltonshire,970
1257,19,64.0,Patricia Gray,Mariachester,1528
1258,6,119.0,John Wilson,Whiteport,2297
1259,10,678.0,Barbara Suarez,Port Joshuaborough,161
1260,13,367.0,Larry Garrett,Mcdowellside,2272
1261,6,892.0,Joy Hernandez,Lake Crystal,170
1262,15,18.0,Sylvia Black,Stevenhaven,2572
1263,16,1405.0,Joshua Crosby,Rachelton,1069
1264,16,835.0,Dawn Williams,Burchland,2808
1265,16,1269.0,Daniel Miller,North Judyhaven,1192
1266,5,127.0,Alexis Gross,Wellsberg,1078
1267,11,661.0,Tamara Sanders,East Erica,2627
1268,12,1426.0,Kevin Miller,Davidberg,1144
1269,4,880.0,William Adams,Port Jamie,1867
1270,15,58.0,Wanda Mitchell,Stephenfurt,2638
1271,10,-453.0,Andrew Boyd,South Nicholasburgh,2763
1272,5,25.0,Brandy Hill,North Sean,472
1273,8,844.0,Angela Salazar,South Kristinefurt,1689
1274,19,1194.0,Stephanie Cook,Clarkview,1143
1275,1,1423.0,Nicole Bailey,New William,1281
1276,2,898.0,Gail White,North Lisabury,1320
1277,18,1450.0,Christopher Cooper,Lake Michaelfort,2614
1278,4,-171.0,Michael Williams,Obrienmouth,2656
1279,19,118.0,Angela Coffey MD,Port Karen,1810
1280,13,490.0,Katrina Davis,Lake Willie,2393
1281,18,693.0,Victoria Good,Pearsonfurt,2112
1282,19,990.0,Caitlin Miller,East William,346
1283,12,-275.0,William Kerr,Morenoton,2109
1284,13,-177.0,Michael Whitaker,Port Mariohaven,631
1285,15,1043.0,Taylor Douglas,Riverschester,209
1286,7,958.0,Jared Pollard,Stevenborough,428
1287,11,1250.0,Randy Martinez,East Abigail,143
1288,12,609.0,Dawn Dunn,Scottstad,2917
1289,15,447.0,Wendy Sweeney,New Kaitlinville,2671
1290,10,1005.0,Patricia Rice,Ashleyfort,290
1291,17,650.0,Sean Green,West James,2928
1292,1,729.0,Wanda Williams,Port Thomasberg,2464
1293,7,711.0,Kimberly Cook,East William,1071
1294,3,656.0,Brendan Berry,North Philipview,2046
1295,12,965.0,Robert Gomez,Jeffland,1124
1296,9,-208.0,Laura Moore,Hollychester,2713
1297,17,842.0,Wyatt Davis,Samanthaborough,2997
1298,10,-212.0,Cameron Williams,Brianfort,1665
1299,5,-485.0,Christine Booth,Andreamouth,1086
1300,3,-345.0,Jonathan Lam,Lisaton,2130
1301,6,122.0,David Powell,Benjaminhaven,2962
1302,11,939.0,Jessica Jordan,East Scott,2986
1303,9,546.0,Chad Warner,Langhaven,1405
1304,6,-318.0,Samantha Taylor,South Lindsay,861
1305,13,402.0,Adam Gonzalez,Lewisberg,313
1306,13,-220.0,Lisa Graham,North Stephen,952
1307,12,279.0,William Sloan,North Kimberly,2316
1308,14,923.0,Kathryn Anderson,Dominiqueville,1071
1309,12,-321.0,Stephen Pierce,Emilyfort,975
1310,13,-25.0,Jason Rice,Courtneyville,1931
1311,5,1556.0,Robin Pacheco,Darrenhaven,2978
1312,14,-74.0,Holly Brown,South Whitneyside,2838
1313,4,225.0,Desiree Carlson,Lewisport,1439
1314,11,68.0,Margaret Shelton,North Makaylamouth,1888
1315,13,240.0,Vanessa Henderson,Fischerbury,1295
1316,18,-300.0,Adrian Weber,New Markside,198
1317,17,-200.0,Jonathan Nichols,Port Jameshaven,2964
1318,2,132.0,Patricia Lewis,Davisfort,2029
1319,6,842.0,Robert Sutton,New Vernonmouth,573
1320,13,124.0,Jessica Tucker,Isabeltown,841
1321,5,173.0,Rhonda Horton,Davidfurt,2887
1322,17,1085.0,Elaine Ward,Angelaville,1359
1323,8,7.0,Melanie Camacho,East Ryanburgh,1529
1324,16,513.0,Mary Miller,New David,1007
1325,13,189.0,Elizabeth Taylor,New Chelsea,2075
1326,13,1190.0,Nathan Moore,West Drewshire,1438
1327,9,528.0,Mary Garcia,Walkerburgh,2757
1328,5,-179.0,Courtney Roberts,New Daniel,2649
1329,13,-482.0,Daisy Stevens MD,South Rachelfurt,446
1330,17,183.0,David Gilmore,Brianside,2123
1331,8,-306.0,Annette Copeland,Alexanderton,2409
1332,19,543.0,Barry Wells,Yvettebury,1497
1333,16,1211.0,Ryan Fletcher,Dianefort,2500
1334,4,579.0,Shelby Reynolds,Hammondville,605
1335,14,-139.0,Robert Mahoney,North Tracymouth,578
1336,17,70.0,Brandon Daniel,New Bill,1397
1337,12,360.0,Andrea Moore,Lake Kevin,2299
1338,4,961.0,Dr. Mackenzie Mccall,Kellyberg,225
1339,9,681.0,Kevin Jacobs,Kevinborough,2967
1340,9,-92.0,Michael Horn,Smithbury,2761
1341,13,589.0,Cole Kim,Walterland,2757
1342,15,1073.0,Lori Ayers,Mckinneyfort,2237
1343,7,943.0,Darryl Griffin,South Shannonville,231
1344,1,932.0,Michael Carroll,Carolinemouth,1897
1345,3,225.0,Amy Hughes,Port Bettystad,2178
1346,4,567.0,Peter Jordan,Buckland,557
1347,4,62.0,Gary Castaneda,Staceybury,2829
1348,3,412.0,Joshua Stevens,Lake Davidchester,1728
1349,17,51.0,Holly Haynes,Oliverhaven,137
1350,18,618.0,Mark Norman,Jordantown,1366
1351,4,703.0,Mrs. Crystal Lewis,East Jennifer,2331
1352,14,366.0,Justin Smith,Port Candicemouth,2713
1353,3,1517.0,Eric Cox,Drakestad,798
1354,15,-27.0,Julie Barber,Alejandraborough,1111
1355,15,1103.0,Frances Hodges,Smithton,742
1356,12,1278.0,Tracy Phelps,West Lisafurt,2850
1357,16,425.0,Elizabeth Davis,Wilsonhaven,1005
1358,4,132.0,Edwin Lewis DVM,South Jasonstad,2474
1359,14,1051.0,Brandon Terry Jr.,Shaneberg,1574
1360,15,1098.0,Shawn Hayes,New Brandon,1352
1361,3,-34.0,Janet Long,South James,1271
1362,1,-227.0,Aaron Evans,Danafort,666
1363,10,1323.0,Ryan Rush,Porterview,113
1364,16,999.0,Dr. Brandon Rivera,Madisonmouth,2143
1365,6,481.0,Susan Cohen DVM,South Juan,1539
1366,14,-338.0,Roberto Weaver,Roberttown,2423
1367,11,-383.0,Tara Ross,Lake Bethchester,1055
1368,2,-178.0,Jeffrey Ortiz,West Justin,2763
1369,16,217.0,Gabrielle Logan,New Rachel,1113
1370,3,205.0,Brittany Benton,Reedfurt,2404
1371,7,1357.0,Brian Bonilla,North Brittanyburgh,2816
1372,6,277.0,Martin Anderson,Collinsbury,2015
1373,11,53.0,Mr. Kyle Smith,Lake Andreahaven,53
1374,7,323.0,Joseph Evans,North Robert,1039
1375,19,235.0,Jordan Holmes,East Natasha,1265
1376,8,-409.0,Jacob Boyd,Tamarahaven,2297
1377,9,775.0,Joseph Rivas,Waltonstad,2681
1378,16,1138.0,Tanya Friedman,Wesleyside,2335
1379,19,750.0,Andrew Peters,Lisahaven,2609
1380,6,409.0,Kristin Sanchez,Harmonport,2292
1381,6,1271.0,Lawrence Beck,Bartlettfurt,1201
1382,13,1312.0,Sean Hansen,Alexandriafort,2399
1383,9,-242.0,Mary Taylor,Franklinchester,1434
1384,13,300.0,Lisa Smith,Allenshire,1168
1385,1,231.0,Rebecca Glover,Cassandraborough,882
1386,14,1441.0,Peter Allen,Port Anthonyborough,1967
1387,19,-158.0,Amber Smith,Elizabethfurt,1382
1388,2,-172.0,Joseph Brown,Lake Brenda,1665
1389,12,1017.0,Kelly Bryant,Port Brian,2675
1390,18,1092.0,David Arnold,Hallland,584
1391,19,117.0,Philip Mercer,Davidmouth,1872
1392,18,-228.0,John Hall,New Brucebury,194
1393,10,947.0,Christopher Ramirez,Port Nicole,812
1394,19,752.0,Dr. Justin Vasquez,South Leslie,2020
1395,19,1379.0,Walter Carter,Port Sandraberg,2030
1396,3,-5.0,Autumn Robbins,New Michael,2864
1397,4,1075.0,Rhonda Stout,New Melissaberg,1800
1398,18,563.0,Jessica Kelley,Lake Andrewview,601
1399,3,345.0,Aimee Strickland,Port Brentmouth,1552
1400,17,603.0,Mark Payne,Leachchester,1798
1401,17,1354.0,Ashley Sanders,South Michaelmouth,1146
1402,13,310.0,Richard Richardson,Ryanshire,1254
1403,8,-102.0,Barbara Martin,Amandatown,2755
1404,19,454.0,Sarah Ryan,Joshuaborough,2176
1405,4,1109.0,Richard Bauer,Collinshaven,1339
1406,8,1575.0,Annette Lewis,Garciashire,2115
1407,5,392.0,Peter Bowman,Hunterchester,1927
1408,16,670.0,Ryan Little,East Tiffany,1339
1409,3,1578.0,Mrs. Michaela Ramirez,Port Katherine,2383
1410,2,1490.0,Mary Thomas,Janicefurt,2337
1411,7,1319.0,Dustin Pineda,South Amber,2139
1412,19,-121.0,Donna Harmon,Port Joshua,106
1413,19,45.0,Tami Turner,North Cherylstad,1272
1414,13,906.0,Susan Jennings,South Richardchester,367
1415,13,1316.0,Kathryn Clark,Larsonshire,1131
1416,3,1132.0,Mark Bush,Mejiabury,1610
1417,18,245.0,Robert Johnson,Breannaburgh,2740
1418,7,692.0,Darrell Parker,Perezview,2567
1419,7,962.0,Kelly Cole,Johnfort,2334
1420,5,148.0,Jon Hall,South Antoniochester,2327
1421,16,377.0,Robert Kelley,South Johntown,1404
1422,17,601.0,David Kirby,Port Ashleychester,2117
1423,12,774.0,Jessica Wilson,South Dale,432
1424,12,589.0,Nina Davis,Dianaside,1469
1425,12,-145.0,Lucas Jordan V,Port Matthew,43
1426,3,1133.0,Michael Fletcher,Annamouth,1150
1427,9,978.0,Jessica Jones,Martinezhaven,2223
1428,1,1404.0,Brianna Molina,Cooperberg,2401
1429,4,999.0,Juan Webb,West Melissa,1532
1430,14,837.0,Jeremy Keller,New Anthonymouth,797
1431,5,405.0,Frederick Conway,Singletonshire,1219
1432,4,22.0,Amber Rowland,Woodfurt,2539
1433,15,1544.0,Daniel Campbell,West Cynthiaside,1329
1434,5,1115.0,Mallory Chang,Lisaland,1695
1435,1,423.0,Richard Smith,Chelseaborough,581
1436,11,1488.0,Daniel Decker,East Karen,911
1437,7,2.0,Daniel Velasquez,Lake Gabriel,1305
1438,3,1389.0,Jermaine Callahan,Davidshire,1000
1439,2,1119.0,Megan Harvey DVM,New Tracy,542
1440,10,250.0,Theresa Jenkins,North Catherineland,754
1441,3,32.0,John Spencer,Tiffanyland,1420
1442,17,-427.0,David Ball,Nicholstown,1212
1443,16,1367.0,Julie Collins,South Vincentport,879
1444,10,452.0,Tammie Smith,Bakertown,39
1445,5,1371.0,John Orr,East Jamesbury,2760
1446,18,954.0,Kathryn Graham,Lake Cynthia,1856
1447,16,1537.0,Jessica Montgomery,Jennifertown,494
1448,16,289.0,Benjamin Adams,Lake Richardstad,717
1449,16,1550.0,Mark Maldonado,West Colleenland,2977
1450,19,402.0,Vincent Oliver,Kristineside,2167
1451,18,1272.0,Briana Diaz,Evanfurt,1099
1452,5,1184.0,Christopher Wagner,Jefferyport,2129
1453,15,203.0,Kevin Wheeler,Goodmanberg,1908
1454,14,-317.0,Matthew Spencer,Elijahhaven,2355
1455,10,-308.0,Robert Harrison,West Michael,1714
1456,15,167.0,Justin Mason,Port Davidfort,1837
1457,2,973.0,Rachel Parsons,Annahaven,2601
1458,5,1035.0,Felicia Harris,Lake Jimview,2993
1459,6,-299.0,Joseph Brown,Lake Adamport,2961
1460,6,-358.0,Kristin Mcintosh,Kendratown,2465
1461,12,555.0,Austin Smith,West Jermainechester,1904
1462,1,1184.0,Valerie Osborne,Lake Jason,1457
1463,16,81.0,Steven Peterson,Shelleyfurt,691
1464,4,1409.0,Angel Bolton,Gordonborough,1908
1465,1,1063.0,Michelle Huffman,West James,1366
1466,19,244.0,Tony Brown,East Morganchester,1604
1467,4,-396.0,Hannah Anderson,East Ryan,2597
1468,6,295.0,Robert Page,Lake Michaelmouth,2026
1469,6,-376.0,Nicole Sanders,Normanton,1795
1470,9,1276.0,Herbert Barrera,East Bradley,890
1471,9,-237.0,Christopher Meyers,Theresatown,2561
1472,5,931.0,Megan Taylor,Lake Kendra,2606
1473,10,393.0,Tammy Whitehead,East Misty,574
1474,2,1478.0,Dustin Benton,South Carmenmouth,356
1475,18,107.0,Michael Carr,Jonesfurt,1036
1476,19,614.0,Warren Campbell,East Danielle,2390
1477,1,662.0,Evelyn Walker,Lake Kristen,1379
1478,11,-450.0,Christopher Velazquez,East Andreaside,1743
1479,9,1380.0,Martha Adkins,Port Michaelside,1447
1480,5,566.0,Brandon Lopez,East Peggyland,2456
1481,2,-235.0,Kimberly Torres,Alanside,924
1482,1,451.0,Kevin Brown,Jonesstad,2360
1483,7,94.0,Jessica Walters,Dillonchester,743
1484,19,-392.0,Tonya Thomas,Watsonton,68
1485,15,758.0,Emma Case,Ryanton,1080
1486,18,899.0,Elizabeth Smith,New Deannaville,2388
1487,18,1419.0,Christopher Howard,Lake Scott,86
1488,3,1552.0,Stephen Deleon,Lake Jamieview,2971
1489,9,479.0,Kayla Hoover,Gregland,2904
1490,5,-81.0,Jack Norris,New Angelahaven,2510
1491,12,-234.0,Susan Johnson,Scottton,2195
1492,12,1231.0,Savannah Holden,Rebeccaside,2700
1493,15,1546.0,Eric Martinez,Port Matthew,404
1494,11,787.0,Angelica Young,West Davidbury,54
1495,7,1488.0,Calvin Henderson,Lake Barbara,715
1496,6,1556.0,Erica Watson,Alexanderside,2936
1497,5,330.0,Christopher Edwards,East Mark,1856
1498,18,-83.0,Morgan Bates,Arthurside,1855
1499,7,209.0,Jason Chavez,South Robert,1430
1500,12,454.0,Stephanie Reynolds,North Richardfurt,1592
1501,17,465.0,Juan Garcia,Meganburgh,1938
1502,2,1207.0,Marc Lane,Bennettland,435
1503,11,-102.0,Andrea Petty,Port Darleneburgh,1292
1504,15,-396.0,Brett Jones,Port Reginachester,506
1505,8,818.0,Autumn Mitchell,Garnershire,947
1506,13,-91.0,Olivia Carter,Wadeland,1802
1507,19,-138.0,Randall Marsh DDS,Port Janiceton,798
1508,13,1527.0,William Simpson,Lake Karen,1601
1509,12,12.0,Angela Rose,New Josephborough,2902
1510,6,116.0,Brittany Perry,Watsonville,2984
1511,13,312.0,Robert Guzman,Hornview,2674
1512,18,770.0,Craig Ward,Johnstonville,402
1513,1,437.0,Dana Joseph,Isabellafort,160
1514,7,510.0,Joshua Torres,Randallville,2482
1515,5,-466.0,Wendy Rodriguez,Kaiserchester,887
1516,11,888.0,Crystal Davis,Traceyhaven,2512
1517,19,1205.0,Joseph Carter,Thompsonside,2354
1518,5,300.0,Patrick Hoover,Luischester,2393
1519,12,232.0,Trevor Allen,West Angelashire,2480
1520,10,311.0,Nichole Lowe,Vanceview,2042
1521,10,999.0,Carol Smith,Williamsborough,2554
1522,4,1581.0,Madison Watson,West William,2684
1523,16,1554.0,Emily Henderson,Grahamstad,237
1524,19,-200.0,Andrew Russell,West John,1207
1525,15,734.0,Tiffany Brown,South Elizabeth,1285
1526,15,241.0,Robin Frazier,East Danielland,1968
1527,4,1179.0,Carla Murray,South Douglas,2009
1528,5,-292.0,Kristopher Sanders,Smithchester,2883
1529,9,426.0,Susan Torres,North Kiaramouth,132
1530,5,1423.0,James Vega Jr.,Lisahaven,1020
1531,17,996.0,Cole Reed,Lake Nicholasfurt,1742
1532,12,233.0,Amy Wagner,North Justinview,879
1533,12,-250.0,Deanna Davis,Port Erika,675
1534,6,-462.0,Daniel Moore,Jacksonfurt,533
1535,8,75.0,Katie Jones,East Saraville,1393
1536,17,-435.0,Alisha Zuniga,South Bruce,1110
1537,14,1386.0,Douglas Caldwell,Terryfort,1602
1538,17,275.0,Nicole Hamilton,Amymouth,1797
1539,3,116.0,Kelly Griffin,North Paulton,741
1540,7,1152.0,Jeffrey Lewis,Jerryshire,2469
1541,15,711.0,Miss Monique Brown,Port Tommy,567
1542,12,-466.0,Dr. Nicolas Hester MD,Port Jaredtown,24
1543,2,878.0,Austin Rowe,Phillipsside,957
1544,13,759.0,Kayla Lowe,New Susan,1015
1545,12,1463.0,Francisco Thomas,Dayton,2275
1546,17,37.0,Ian Butler,North Jeremymouth,1551
1547,17,83.0,Eric Williams,Aaronmouth,1279
1548,13,1020.0,Shelby Parrish,Scottton,2499
1549,4,254.0,Daniel Douglas,East Kimberlyville,2948
1550,12,765.0,Laura Simon,Jasonshire,500
1551,19,-227.0,Brent Boyd,Elainemouth,957
1552,13,686.0,Dawn Smith,South Maryhaven,1409
1553,15,1332.0,Erik Miller,Lake Melvinfurt,1365
1554,19,577.0,Daniel Phillips,Vanessaton,464
1555,16,1507.0,Tina Rodriguez,South Reginaport,247
1556,8,342.0,Mitchell Benton,Moralesborough,1253
1557,6,-39.0,Jeffrey Herman,New Joseph,1281
1558,9,1173.0,Ashley Hoover,Jacksonfurt,255
1559,3,689.0,Patrick Duran,East Victorfurt,2520
1560,13,1227.0,Chris Roy,Lake Michelle,1649
1561,4,263.0,Nicholas Fisher,Molinahaven,248
1562,3,-353.0,Peter Collier,New Johnville,664
1563,8,-252.0,Adam Webb,South Jamestown,1038
1564,4,265.0,Glen Snyder,Kaylafort,2149
1565,1,126.0,Michele King,South Toddland,1573
1566,15,-445.0,Robert Mullins,Port Monica,713
1567,12,798.0,Sarah Hayes,Hernandezbury,206
1568,2,604.0,Jordan Lynn,Johnsonside,313
1569,18,44.0,Jay Jordan,Spencerview,2472
1570,11,1245.0,Victoria Mendoza,Port Stevenfort,2935
1571,11,924.0,Jennifer Andersen,Benjaminport,1562
1572,12,700.0,Tristan Wells,Owenchester,1898
1573,3,-44.0,Mia Gates,Richardstad,2275
1574,13,298.0,Kenneth Garcia,Cooperview,762
1575,13,1127.0,Bradley Peters,North Courtneyfurt,2571
1576,14,422.0,Benjamin Armstrong,East Valerie,1741
1577,16,1188.0,Robert Alvarez,West Susan,1161
1578,17,293.0,Katie Cunningham,Jacobbury,1496
1579,5,1370.0,Linda Ryan,East Christophermouth,30
1580,7,35.0,Evan Alvarado,Taylorton,2178
1581,2,603.0,Kathleen Curry,Karashire,2605
1582,18,-110.0,James Mcdonald,Walkerton,594
1583,16,262.0,Roy Khan,Lake Jamesborough,2836
1584,19,187.0,Lisa Mcintosh,Wellsshire,400
1585,11,-273.0,Stephen Mcdaniel,Carlland,1346
1586,16,395.0,Melissa Freeman,Greenside,2040
1587,16,1207.0,Nicole Blair,Daniellemouth,2667
1588,19,-355.0,Brandon Sanchez,Norrisborough,2665
1589,18,798.0,Jason Burgess,Ashleyside,2173
1590,17,-455.0,Mrs. Sara Johnson,East Michael,1385
1591,12,999.0,William Nunez,Stephaniebury,434
1592,6,236.0,Melissa Moore,Andrewberg,60
1593,7,870.0,Rebecca Adams,Julieshire,653
1594,14,395.0,Brandon Baker,South Kathleenburgh,1644
1595,11,1578.0,Caitlin Weaver,South Rachelport,2589
1596,2,317.0,Sierra Holt,West Tristan,2834
1597,6,273.0,Alex Smith,East John,1685
1598,13,1578.0,Briana Byrd,Nelsonhaven,281
1599,19,1132.0,Joseph Cuevas,Martinezland,2412
1600,5,322.0,Earl Ballard,West John,884
1601,13,287.0,Cameron Ramirez,Smithstad,2257
1602,12,1078.0,Caitlin Brown,West Markland,2533
1603,18,1020.0,Clifford Cochran,Conradview,1393
1604,12,403.0,Adam Clark,East Michael,108
1605,9,1072.0,James Duncan,New Taraport,2232
1606,14,1595.0,Aaron Carter,Robinview,1675
1607,10,538.0,Katherine Jennings,Hamiltonstad,2967
1608,5,859.0,Daniel Booker,Jenniferport,1096
1609,1,1585.0,Cassandra Martinez,West Josephtown,73
1610,2,634.0,Julia Kennedy,Yolandaberg,133
1611,13,-270.0,Michelle Santos,South Katieview,746
1612,7,-163.0,Kurt Mann,Johnsonland,1992
1613,18,530.0,Kristina Myers,Jenniferborough,1231
1614,10,120.0,Daniel Flynn,Anthonyburgh,1462
1615,9,1421.0,Lorraine Day,Davisland,325
1616,9,34.0,Emily Maxwell,Andrewfurt,771
1617,10,677.0,Tracy Fuller,Jenniferport,1879
1618,8,-491.0,Mary Perez,New Christineburgh,1958
1619,3,-193.0,Rebecca Smith,Gibbsmouth,1812
1620,17,1434.0,Anthony Ford,Port Melissafort,53
1621,4,1290.0,Mary Austin,New Robert,2487
1622,13,-183.0,Judith Newton,Kennethside,2809
1623,16,744.0,Judith Johnston,Richardsonstad,173
1624,7,1510.0,Kevin Myers,Josephburgh,231
1625,2,1552.0,Brandy Murray,Maldonadostad,423
1626,10,560.0,Danny Walker,Colleenland,1379
1627,3,570.0,Sheryl Gonzalez,South Patty,1127
1628,8,1125.0,Paula Ford,Keithburgh,2527
1629,9,1475.0,Victoria Murphy,Rodrigueztown,1393
1630,17,1571.0,Paula Morrison,Deanshire,955
1631,13,1384.0,Debbie Harrison,Port Valerieshire,2889
1632,7,330.0,Dr. Eugene Floyd,West Jacqueline,949
1633,10,1541.0,Zachary Stewart,Michaelmouth,1831
1634,5,399.0,Heather Elliott,Bryantborough,1050
1635,14,-143.0,Taylor Cantrell,Lake Timothy,2042
1636,6,903.0,Brandon Allen,Hillstad,1646
1637,19,534.0,Sean Hernandez,South Mary,2798
1638,4,451.0,Diana Marshall,Hugheshaven,1657
1639,14,1146.0,Seth Perry,North Sarahberg,1428
1640,6,1188.0,Elizabeth Ortiz,Douglaston,2745
1641,7,329.0,Melissa Obrien,Lake Carolineland,121
1642,9,1086.0,Diana Jones,Blevinsfurt,1483
1643,15,1593.0,Logan Phillips,South Charles,1956
1644,17,1428.0,Caitlin Campbell,Allenfurt,1465
1645,15,1570.0,Sarah Rogers,Ochoaville,1335
1646,4,903.0,David Weber,Port Sandra,1968
1647,7,917.0,Denise Murray,North Kristin,544
1648,9,-20.0,Courtney Guzman,North Elizabethborough,1085
1649,11,1488.0,Melissa Maxwell,Brandyborough,1916
1650,8,881.0,Rachel Conway,Blevinsburgh,2103
1651,14,319.0,Mary Williams,Phillipsview,2207
1652,17,448.0,Deborah Roberts,New Sandymouth,1077
1653,7,-175.0,Daniel Meadows,Port Jenna,2321
1654,7,1050.0,Russell Schmidt,South Jamieburgh,2909
1655,11,713.0,Charles Bennett,Jonesport,81
1656,13,1302.0,Joseph Martinez,Sandyfurt,1603
1657,13,969.0,Shawn Robbins,Meganchester,2433
1658,13,816.0,Edwin Mcconnell,Lake Terrancebury,1361
1659,18,-461.0,Erica Ryan,East Vickieville,1630
1660,2,1083.0,Hunter Porter,South Rachelstad,1983
1661,19,-277.0,Brittany Taylor,Jillfort,230
1662,18,1432.0,Haley Morgan,East Joel,2422
1663,5,1120.0,Wanda Ward,Chapmanland,2834
1664,11,691.0,Carolyn Johnson,Martinezmouth,2934
1665,8,598.0,Malik Brown,Susanmouth,1436
1666,17,953.0,Curtis Miller,Joshuabury,2260
1667,18,1142.0,Jennifer Robertson,Port Heathermouth,883
1668,14,578.0,Anthony Gonzalez,Lake Erika,542
1669,3,851.0,Kathryn Reilly,Lake Jennifer,2792
1670,5,-104.0,Jeffrey Carter,South Pamelahaven,348
1671,2,859.0,Courtney Maxwell,Lake Emily,2377
1672,6,81.0,Kimberly Hamilton,Lake Michael,2932
1673,11,966.0,Shannon Morrow,Laurenmouth,577
1674,4,1114.0,John Cooper,Bowerston,2286
1675,1,932.0,Matthew Frye,Port Steven,1334
1676,3,1542.0,Natalie Smith,Wandachester,1698
1677,10,378.0,Matthew Carpenter,New Allison,2812
1678,11,1552.0,Heather Montgomery,Lake Erikaberg,1100
1679,12,482.0,Heather Mclean,Gabrielleburgh,156
1680,10,1098.0,Laura Richardson,Cruztown,383
1681,19,1414.0,James Ortiz,Lake Joshuaberg,2726
1682,5,119.0,Laura Michael,South Lindsey,1277
1683,10,1275.0,Dr. Nicole Hughes DDS,Marshallport,481
1684,14,1378.0,Samuel Lee,Brianberg,2499
1685,17,942.0,Krista Smith,New Kimberlyfort,2643
1686,6,550.0,Roberta Rowland,West Dianaport,1453
1687,5,888.0,Tammy Phillips,Brianton,2961
1688,18,-421.0,Steven Glover,Nealtown,2841
1689,12,148.0,Erin Steele,Port Michelle,1004
1690,17,795.0,Brian Washington,Samuelton,1072
1691,13,1574.0,David Hardy,West Bryan,771
1692,11,-6.0,James Page,Garytown,673
1693,10,583.0,Michael Riley,Port Barbara,350
1694,18,1078.0,Leah Hodge,North Kellyside,12
1695,1,-319.0,Eric Barnett,Wilsonport,1502
1696,9,1009.0,Debra Hughes DVM,Hamiltonview,2594
1697,17,856.0,Brenda Obrien,South David,2394
1698,19,220.0,Richard Gutierrez,Mullinsbury,1342
1699,3,597.0,Carla Sweeney,Justinville,1541
1700,14,505.0,Chelsea White,New David,2254
1701,2,-436.0,Teresa Smith,Allenside,173
1702,13,520.0,Tiffany Branch,East Meagan,987
1703,11,1174.0,Lori Wilson DDS,Jasonhaven,1476
1704,18,391.0,Brenda Hutchinson,South Maria,2940
1705,5,316.0,Erin Hughes,Paulafurt,1187
1706,12,319.0,Kyle Hale,Port Cindy,840
1707,5,1568.0,Michael Allen,North Richardfurt,2334
1708,10,-5.0,Ryan Mccormick,Jacquelineport,2699
1709,16,-330.0,Taylor Harris,Walkerhaven,2018
1710,18,-338.0,Cassidy Hart,Beltranbury,1270
1711,18,17.0,Alexander Gibson,Nathanport,2679
1712,19,640.0,Erica Jacobs,Mcdonaldbury,454
1713,10,-222.0,Julie Santos,Mariaview,2764
1714,19,-226.0,Trevor Pugh,Dustinchester,1636
1715,7,1386.0,Phillip Flores,Coltonside,1650
1716,5,944.0,Joseph Barrett,Jonathanland,1015
1717,18,1260.0,Tracy Morton,North Mariafurt,2580
1718,17,575.0,Patricia Ayala,Greerport,1369
1719,12,-264.0,Micheal Carroll,Smithmouth,745
1720,11,-179.0,Shannon James,Lauraville,2290
1721,15,873.0,Traci Carey,Lake Matthew,1241
1722,12,300.0,Jeffrey Richard,Wesleyton,1331
1723,17,1023.0,Julie Franklin,East Alicia,566
1724,5,-435.0,Nathan Young,South Jonathanmouth,1563
1725,9,890.0,Tyler Davis,South Samanthastad,918
1726,8,427.0,Misty Rodgers,Diazborough,1077
1727,12,1516.0,Mary Beasley,East Karachester,312
1728,10,407.0,Paula Frazier,Karenstad,1593
1729,16,-1.0,Stanley Guzman,Gardnerville,2342
1730,15,364.0,Marcus Dorsey,Kristenland,1495
1731,10,-138.0,Bruce Gibson,Donaldtown,2421
1732,15,197.0,Erica Brown,Garymouth,2213
1733,3,1508.0,Taylor Davis,Mccarthyland,2922
1734,7,53.0,Brandy Haney,North Marie,1435
1735,7,149.0,Melissa Jordan,Beltranmouth,1265
1736,7,1266.0,Eric Burns Jr.,Alexburgh,1427
1737,10,260.0,Paul Richardson,West Joshuaburgh,1411
1738,8,1262.0,Alexis Ross,East Rachelborough,525
1739,11,432.0,Thomas Little,Port Christinafurt,2129
1740,2,628.0,Tracey Thomas DVM,Lake Angelicahaven,1812
1741,13,208.0,Melissa Lambert,New Leslie,719
1742,7,756.0,Brianna James,Ruizchester,2104
1743,17,659.0,Deborah Russell,Natashaton,1604
1744,15,1549.0,Evan Harper,Port Gina,951
1745,19,319.0,Jennifer Stuart,North Hunterborough,2443
1746,12,309.0,Mark Reynolds,Smithstad,76
1747,9,1300.0,Bryan Hernandez,Hayneshaven,1144
1748,2,230.0,Elizabeth Jordan,Lewisview,2618
1749,14,-408.0,Shannon Keller,New Beverly,1997
1750,7,452.0,Diane Jones,Port Maryburgh,2615
1751,5,-455.0,Ryan Johnson,North Michael,1832
1752,9,1086.0,Dr. Lisa Anderson,West Krista,244
1753,14,811.0,Felicia Sims,Kimberlyton,658
1754,11,723.0,Sherri Day,Port Kristinaview,1094
1755,11,1281.0,Eric Sawyer,Tyronefort,2653
1756,1,59.0,Rodney Curry,Brentberg,2145
1757,13,384.0,Scott Kim,Hollystad,1187
1758,19,-399.0,Dalton Peterson,Port Paulmouth,2851
1759,1,569.0,Kelly Smith,Lake Franciscohaven,885
1760,1,384.0,Justin Clayton,North Kristinmouth,1259
1761,7,516.0,Tanya Stewart,East Chelsea,45
1762,15,196.0,Sharon Blanchard,West Johnfurt,834
1763,6,1598.0,Nicole Barnes,East Leslie,975
1764,4,1090.0,Thomas Perry,West Nicole,270
1765,4,1075.0,Jennifer Johnson,South Brandon,1434
1766,5,811.0,Thomas Jones,New Michael,300
1767,1,1286.0,Jason Mayer,West Sandraborough,844
1768,9,795.0,Katie Kane,Randolphmouth,2377
1769,3,-404.0,Christine Cook,East Carlosborough,964
1770,19,-363.0,Miguel Martinez,New Emmachester,2452
1771,19,184.0,Paul Burns,New Gregory,1048
1772,14,-250.0,Paul Wilson,Hardinchester,2218
1773,8,1009.0,Susan Wilson,Hicksbury,539
1774,2,865.0,Megan Cooper,Lake Mollyhaven,1121
1775,13,75.0,Travis Murphy,North Kristopher,2400
1776,2,1177.0,Jessica Yoder,Wagnermouth,2756
1777,15,1288.0,Lisa Anthony,South Justin,337
1778,3,41.0,Leslie Kelley,Carlafurt,1832
1779,3,1065.0,Philip Kelley,Michelleberg,2269
1780,7,621.0,Brian Pena,Lake Joshua,2408
1781,7,852.0,Melissa Ramirez,Reedburgh,232
1782,2,695.0,John Kim,Haroldland,286
1783,17,963.0,Michael Collins,Nelsonland,2274
1784,3,964.0,Craig Garcia,North Todd,2512
1785,19,1343.0,Randy Bowers,North Jennifer,2355
1786,1,-395.0,Laura Young,Kanestad,873
1787,13,1429.0,Jason Coleman,Mathewhaven,985
1788,17,360.0,Brooke Hernandez,New Kathleenbury,1585
1789,14,1181.0,Theresa Cruz,North John,2293
1790,18,201.0,Christina Huang,Lisashire,1853
1791,1,-474.0,Crystal Keith,Greeneborough,2384
1792,17,67.0,Andrew Young,South Juanbury,14
1793,9,886.0,Larry Porter,Mooreport,19
1794,14,794.0,Joseph Adams,Wagnermouth,1800
1795,16,-85.0,Elizabeth Ruiz,Guerrerostad,1571
1796,18,-364.0,Jennifer Mitchell DDS,Douglasmouth,2834
1797,3,994.0,Christopher Conner,North Richard,2213
1798,14,976.0,Anthony Rivera,North April,1568
1799,19,952.0,Amy Gonzalez,Castroview,419
1800,18,-418.0,Larry Mercado,Sarahville,1879
1801,11,975.0,Rhonda Werner,Trevinoburgh,1836
1802,5,834.0,John Bell,Melanieborough,2997
1803,5,1284.0,Angela Howell,Danielbury,1836
1804,7,415.0,Keith Weeks,Lake Alan,384
1805,6,277.0,Elizabeth Webb,Kellyberg,216
1806,13,574.0,Laura Hawkins,West Jamesberg,338
1807,9,1145.0,Kaitlyn Farmer,Freychester,2191
1808,13,159.0,Stacey Phillips,Cassandraville,1729
1809,6,1231.0,Amanda Navarro,Marcmouth,181
1810,17,-66.0,Trevor Pierce MD,Chelseaport,2119
1811,6,258.0,Christina Ward,South Christopher,1359
1812,2,335.0,Justin Glass,Lake Kennethbury,860
1813,1,1532.0,Benjamin Gonzalez,East Donna,1534
1814,15,-255.0,Kimberly Nelson,New Sandra,460
1815,7,1247.0,Tina Hanson,Port Deniseborough,713
1816,3,1061.0,Carolyn Gibson,Emilytown,916
1817,10,627.0,Alexander Smith,Cherylstad,1591
1818,10,315.0,Robert Shaw,Davidfort,298
1819,4,1059.0,Rachel Walker,Brownchester,2413
1820,17,1248.0,Theresa Copeland,Shelbymouth,2418
1821,5,1433.0,Cathy Zuniga,East Kaylashire,931
1822,16,1480.0,David Long,North Catherine,896
1823,1,1065.0,Anthony Zavala,Port Deborah,2671
1824,7,1196.0,Sharon Nicholson,Port Johnmouth,967
1825,1,288.0,Gregg Cohen,North Kennethberg,2088
1826,4,-64.0,Leslie Navarro,East Jacob,1346
1827,6,637.0,Christine Stephens,Hollyborough,2710
1828,19,122.0,Terri Ferrell,New Jennifer,2152
1829,4,-183.0,Katelyn Ramos,Amymouth,640
1830,7,414.0,Kara Mcknight,East Zacharyland,676
1831,16,1568.0,Sean Guerrero,Pamelaside,1613
1832,1,-26.0,William Fuentes MD,Beverlymouth,1671
1833,1,-427.0,Amber Wright,Port Stephanie,1214
1834,9,761.0,Michelle Martinez,Tommyburgh,1199
1835,19,1205.0,Kristin Maxwell,West Misty,388
1836,10,-200.0,James Meyer,North Tracy,2680
1837,16,984.0,Angela Frank,Port Haley,164
1838,13,498.0,Steve Johnson,Nancyberg,846
1839,10,685.0,Jeffrey Delacruz,West Timothy,2454
1840,19,1191.0,Rick Obrien,Susanstad,2466
1841,1,137.0,Mario Martin,Lake Taylormouth,2586
1842,10,585.0,Vincent Christian,Kellyview,2824
1843,5,1173.0,Morgan Snyder,Thomasfurt,315
1844,7,-115.0,Heidi Hawkins,Jessicamouth,1015
1845,11,1096.0,Amanda Colon,Jeremyburgh,2635
1846,9,-481.0,Casey Deleon,Lake Aaronchester,2615
1847,10,1426.0,Paul Ruiz,New Donna,1783
1848,4,436.0,Lindsey Graves,Mendozashire,63
1849,14,-68.0,Linda Reyes,Banksburgh,2062
1850,5,1023.0,Lori Jefferson,North Harold,420
1851,2,245.0,Rachel Coleman,Richardsonton,2067
1852,10,-420.0,Steven Harris,Kennedystad,393
1853,8,420.0,Cindy Lee,Lake Kevin,552
1854,2,1253.0,Jasmine Oconnor,Norrisfort,142
1855,6,540.0,Brendan Rivas,Mcbridechester,542
1856,4,1334.0,Michael Curtis,Port Joshua,1517
1857,8,-185.0,Chelsea Taylor,Jenniferstad,381
1858,7,-422.0,Amy White,West Brooke,1454
1859,9,540.0,Donna Reed,East Deanna,369
1860,12,-381.0,April Sandoval,North Jonathanville,2769
1861,9,636.0,Amanda Myers,Martinhaven,125
1862,9,-114.0,Jeffrey Reyes,Lake Allisonberg,136
1863,3,287.0,Melissa Fitzgerald,Port Rickberg,1654
1864,17,-271.0,Kellie Mccarthy,East Megan,2356
1865,4,26.0,Jeremiah Landry,East Jamesstad,767
1866,11,-132.0,Melissa Vaughn,Port Teresa,246
1867,1,246.0,Brett Chung,Robertport,749
1868,3,250.0,Amy Wagner,Howardton,697
1869,7,-252.0,Phillip Jones,Stewartview,2660
1870,1,1199.0,Amber Molina,Peterfurt,1543
1871,4,-43.0,Anthony Evans,North Michael,254
1872,9,483.0,Mark Kent,North Brookefurt,2764
1873,1,492.0,Jessica Walker,Lake Benjamin,1835
1874,19,-326.0,James Reeves,Cantuhaven,712
1875,18,1428.0,Joanne Matthews,East Sheila,2574
1876,9,248.0,Courtney Peters,Lake Jamesbury,1710
1877,13,-480.0,Dr. Kelly Hale,East Michael,1702
1878,2,1551.0,Sarah Snyder,Adamstad,2385
1879,19,193.0,Haley Marshall,Barnettville,2904
1880,9,1329.0,Cynthia Silva,South Matthewmouth,1611
1881,6,-168.0,David Phillips,South Samueltown,2204
1882,14,-460.0,Lisa Bell,Jacobberg,1667
1883,4,1254.0,Courtney Lee,Campbellbury,1619
1884,1,-267.0,Johnathan Sutton,Lake Jacobfort,540
1885,15,-393.0,Stephen Terry,Barneschester,284
1886,6,879.0,Kayla Riley,South Daniellemouth,2192
1887,13,-460.0,David Carroll,Christopherhaven,1112
1888,9,1577.0,Mariah Harrison,East Michaelmouth,452
1889,12,1359.0,Andrew Griffin,East Alejandraport,2854
1890,16,1185.0,John Rivera,Deniseville,567
1891,5,-51.0,George Ballard DDS,East Timothy,2266
1892,19,-133.0,Alicia Ross,North Nicholas,1647
1893,3,-386.0,Kristopher Williams,Jonesport,2143
1894,19,984.0,Edward Collier,Joyceland,2685
1895,14,-330.0,Seth Day,South Michael,354
1896,4,451.0,William Nelson,North Gerald,1279
1897,18,690.0,Aaron Gomez,Lewisville,398
1898,1,647.0,Matthew Bautista,New Bobbyfort,8
1899,6,422.0,Denise Flores,West Marisa,2002
1900,17,711.0,Tina Green,New Derek,2381
1901,12,113.0,Christopher Gutierrez,East Wanda,1363
1902,18,1341.0,Shelly Young,Williamsburgh,123
1903,4,326.0,Natasha Green,Turnerside,683
1904,15,1266.0,Jeffrey Hanson,New Michaelmouth,29
1905,2,751.0,Susan Vincent,Smithborough,2695
1906,8,1000.0,Megan Contreras,North Amyton,791
1907,14,1349.0,Travis Wiggins,New Andrew,2680
1908,6,-490.0,Amy Sullivan,Stephanieville,97
1909,12,910.0,Chelsea Smith,East Jim,2618
1910,1,-262.0,Manuel Robles,Scottchester,1201
1911,12,1206.0,Christopher Hall,South Bruceshire,433
1912,3,346.0,Jennifer Martin,Bestland,2642
1913,14,-85.0,Patricia Smith,Hancockstad,1693
1914,16,-342.0,Judith Brennan,Lake Todd,2026
1915,1,573.0,Louis Green,Rachelburgh,1534
1916,4,754.0,Stanley Shea,Port Matthewshire,677
1917,15,224.0,Bethany Chapman,North Mark,1832
1918,5,-135.0,Paige Weber,Vargasberg,2929
1919,3,276.0,Hannah Cooper,East Mary,689
1920,15,1520.0,Christopher Decker,Bonillastad,2699
1921,4,442.0,Heather Ortega,East Caitlinview,2123
1922,19,615.0,Alison Martinez,West Gary,1977
1923,3,387.0,Sarah Warren,Greenside,2188
1924,1,1588.0,Ms. Melissa Cox DVM,Smithchester,1823
1925,3,40.0,Robert Smith,Lake Joseph,1248
1926,18,557.0,Sara Carter,Mcclurefort,1943
1927,6,144.0,Megan Reynolds,Nathanielbury,2156
1928,5,-159.0,Phillip Harris,Lake Richard,2712
1929,2,1531.0,Tamara Mendez,Port Bobbyberg,1546
1930,15,644.0,Donald Solomon,Lake Donna,1772
1931,1,822.0,Megan Lee,West Amyshire,2757
1932,1,596.0,Vincent Ferguson,Allenchester,1830
1933,3,666.0,Jonathon Stevenson,Frankport,319
1934,13,521.0,Caitlin Moore,West Lisaside,2086
1935,9,-112.0,Teresa Schwartz,Port Nicholasport,2732
1936,13,939.0,Wayne Weiss,South Paulahaven,788
1937,2,540.0,Nicholas Ford,Jasonchester,1376
1938,12,1257.0,Ryan Jimenez,North Kellytown,2908
1939,7,225.0,Hannah Hamilton,Wallsland,2106
1940,5,829.0,Cory Brown,Lake Bianca,1287
1941,9,520.0,David Ward,Christopherberg,1680
1942,18,-4.0,Keith Galloway,New Justin,1131
1943,16,465.0,Nicole Scott,North Ethan,220
1944,5,257.0,Daniel Love,Port Anthonyport,2760
1945,11,583.0,Mrs. Melissa Hernandez MD,East Renee,2608
1946,9,431.0,Allison Koch,Lake Crystal,1003
1947,14,900.0,Susan Adams,Loriborough,1351
1948,17,-251.0,Jocelyn Burke,Lake Jody,650
1949,9,1272.0,Mr. Chase Kane,Rebeccamouth,2635
1950,14,742.0,Michelle Johnson,South Christopher,1759
1951,18,-313.0,Olivia Eaton,East Katieburgh,868
1952,2,783.0,Aaron Howard,Cantuborough,1479
1953,8,130.0,Brenda Vance,Millerborough,788
1954,18,724.0,Brian Booth,West Shanebury,2289
1955,4,192.0,Charles Alvarez,Holmesstad,346
1956,13,492.0,Michael Callahan,North Marcoville,2349
1957,10,1307.0,Andrew Gill,Davidborough,1662
1958,3,-176.0,Kyle Ponce,Williamberg,2329
1959,16,1561.0,Mrs. Karen Duke DDS,Josephstad,2966
1960,5,1561.0,Sandra Miles,Nelsonside,1473
1961,9,1375.0,Anna Kelley,Joshuaberg,1418
1962,15,1036.0,Mark Garcia,East Kayla,2137
1963,13,-81.0,Sally Young,Huffmanland,582
1964,13,-439.0,Jennifer Carter,East Charlene,188
1965,15,-197.0,Bradley Williams,Jenniferside,2647
1966,13,793.0,Cynthia Perez,Howellhaven,1639
1967,5,561.0,Victor Gonzalez,Herrerashire,1579
1968,2,749.0,Joel Martin,New Robert,2273
1969,19,1031.0,Miguel Fletcher,Greenefort,727
1970,15,1153.0,Antonio Lang,Michaelton,2980
1971,16,1597.0,Nicole Johnson,Carlaburgh,1946
1972,7,217.0,Brenda Howard,West Jonathanmouth,2403
1973,15,459.0,Richard Castaneda,North William,19
1974,11,-117.0,Ruth Brandt,West Katrinaburgh,850
1975,1,-55.0,Robert Johnston,Jonesmouth,2445
1976,8,440.0,Stacy Montoya,New Billyside,498
1977,1,300.0,Sarah Thomas,North Sara,717
1978,12,992.0,Dana Andersen,Edwardsbury,2482
1979,17,-303.0,Jennifer Brooks,New Lindsayborough,2506
1980,11,1108.0,John Carter,Bethmouth,2476
1981,7,798.0,Zachary Williamson,Andersonchester,616
1982,6,47.0,Taylor Horton,Kimberlybury,2421
1983,8,340.0,Lori Taylor,Scottmouth,1973
1984,13,408.0,Mrs. Tina Esparza,Keithmouth,951
1985,16,160.0,Mitchell Alvarado,West Craigmouth,2411
1986,3,1430.0,Katie Conley,East Joshuamouth,1670
1987,12,272.0,Robert Keith,North Jesseland,1415
1988,1,655.0,Alicia Strong,South Samanthaport,345
1989,9,1254.0,Michelle Mills,Bakerland,1579
1990,6,1112.0,Thomas Davidson,Lake Christinaville,1021
1991,1,93.0,Karen Flores,Marcville,2355
1992,18,409.0,Kara Massey,New Markfurt,2523
1993,10,1026.0,William Miller PhD,Kellyhaven,1460
1994,19,1526.0,Diane Mcmahon,Rochaside,514
1995,11,-161.0,Michael Andrews,Port Kathyland,1547
1996,13,1237.0,Bethany Cantrell,Kimberlystad,2887
1997,16,1582.0,Sarah Vang,Bullocktown,313
1998,9,1288.0,Craig Arnold,Lake Heidichester,2831
1999,8,1106.0,Erik Scott,Harveyside,1092
2000,13,1304.0,Cory Padilla,Holmesland,2304
2001,13,700.0,Aaron Rogers,North Davidburgh,2744
2002,16,1318.0,Andrew Glenn,South Whitneyhaven,616
2003,18,63.0,Claudia Nguyen,Travisbury,2490
2004,9,-242.0,Mary Taylor,Franklinchester,1434
2005,11,1161.0,Gregory Vega,South Richard,2924
2006,13,1532.0,Robin Thomas,South Adrienne,361
2007,4,-387.0,Mariah Jenkins,Davisborough,1248
2008,11,691.0,Carolyn Johnson,Martinezmouth,2934
2009,12,1500.0,David Hayes,Port Jennifer,1546
2010,13,1127.0,Bradley Peters,North Courtneyfurt,2571
2011,14,395.0,Brandon Baker,South Kathleenburgh,1644
2012,17,-282.0,Danielle Doyle,Stephenbury,402
2013,16,1395.0,Krista Grimes,South Garrett,2385
2014,8,88.0,Ms. Dawn Whitehead PhD,New Angelaland,744
2015,17,1428.0,Caitlin Campbell,Allenfurt,1465
2016,15,-428.0,Amber Carter,New Jamesfurt,882
2017,5,1115.0,Mallory Chang,Lisaland,1695
2018,19,1343.0,Randy Bowers,North Jennifer,2355
2019,17,121.0,Jasmine Moon,North Timothytown,1473
2020,13,-177.0,Michael Whitaker,Port Mariohaven,631
2021,9,1145.0,Kaitlyn Farmer,Freychester,2191
2022,18,388.0,Tom Gonzalez,Garcialand,887
2023,12,620.0,Eric Gibbs,Douglasstad,2647
2024,13,687.0,Jeffrey Davis,Torresstad,2408
2025,13,208.0,Melissa Lambert,New Leslie,719
2026,17,807.0,Krista Flynn,Lake Carlos,2446
2027,10,1323.0,Ryan Rush,Porterview,113
2028,2,1075.0,Gloria Alexander,Bergside,2492
2029,9,1139.0,Benjamin Mckee,Michaelport,874
2030,5,1169.0,Anthony Leach,Markburgh,2270
2031,1,122.0,Wesley Yates,Lake Christopherfort,13
2032,17,-200.0,Jonathan Nichols,Port Jameshaven,2964
2033,12,1088.0,Emily Rose,Jacobchester,776
2034,1,-26.0,William Fuentes MD,Beverlymouth,1671
2035,2,1448.0,Jose Hull,Proctorstad,1277
2036,12,1257.0,Curtis Erickson,South Nicole,168
2037,19,-424.0,Heather Jones,Shawnberg,1945
2038,11,-345.0,John Snyder,Tammyburgh,1823
2039,8,420.0,Gwendolyn Martin,Tylerfurt,299
2040,9,-294.0,Randy Rivera,Port Sarastad,2351
2041,13,-493.0,Jesse Ford MD,South Catherineport,1930
2042,3,712.0,Eileen Jackson,East Jasonside,722
2043,10,560.0,Danny Walker,Colleenland,1379
2044,10,1337.0,Joanne Nelson,New Anita,2021
2045,12,1100.0,Cody Graham,Davidview,2960
2046,17,996.0,Cole Reed,Lake Nicholasfurt,1742
2047,3,1407.0,Brent Smith,Angelicaview,420
2048,2,898.0,Gail White,North Lisabury,1320
2049,11,473.0,Jessica Santiago,Josephton,2102
2050,3,-71.0,Nicholas Carson,Geraldland,1584
2051,3,1430.0,Katie Conley,East Joshuamouth,1670
2052,12,309.0,Kristi Cummings,West Sarahfurt,107
2053,10,1408.0,Linda Munoz,East Thomas,1981
2054,18,1000.0,Allen Hester,North Craig,2628
2055,3,886.0,Courtney Reed,Haysfurt,12
2056,14,507.0,Patricia Harris,Port Samantha,1764
2057,5,133.0,Robert Williams,West Spencerstad,1035
2058,5,508.0,Anna Hebert,Lauraton,607
2059,14,812.0,Patricia Barber,Chanshire,1353
2060,9,1092.0,Michael Meza,South Samuel,1323
2061,8,-94.0,Edward Tran,Tinatown,634
2062,16,984.0,Angela Frank,Port Haley,164
2063,16,782.0,Tracy Vega,East Normabury,543
2064,9,-263.0,Stephanie Hodges,East Jennifer,642
2065,10,1221.0,Dr. Matthew Perez,Williamsborough,2333
2066,17,1023.0,Julie Franklin,East Alicia,566
2067,19,-467.0,Robert Campbell,Port Tara,151
2068,11,249.0,Amanda Fleming,Martinberg,75
2069,10,888.0,Hannah Scott,South Curtiston,1926
2070,3,-404.0,Christine Cook,East Carlosborough,964
2071,12,454.0,Stephanie Reynolds,North Richardfurt,1592
2072,5,-269.0,Glen Miller,Richardfort,2670
2073,5,971.0,Angela Mccoy,North Saraport,2355
2074,7,890.0,Jason Wright,Port Amy,1616
2075,14,-460.0,Lisa Bell,Jacobberg,1667
2076,13,384.0,Scott Kim,Hollystad,1187
2077,17,1195.0,Stephanie Lewis,Watersport,870
2078,7,614.0,Kayla Harrison,Sarahtown,1368
2079,13,848.0,Mallory Hunt,Cummingsland,1657
2080,16,647.0,Heather Quinn,Port Kiara,1750
2081,6,277.0,Elizabeth Webb,Kellyberg,216
2082,14,1292.0,Brian Gomez,Moralestown,2284
2083,10,260.0,Paul Richardson,West Joshuaburgh,1411
2084,14,-486.0,Christine Lynn,East Garyhaven,2791
2085,6,299.0,Matthew Santiago,North Alison,2702
2086,1,116.0,Angela Chambers,North Theresa,2476
2087,15,1043.0,Taylor Douglas,Riverschester,209
2088,7,2.0,Daniel Velasquez,Lake Gabriel,1305
2089,3,710.0,Michael Krueger,Baileyside,1626
2090,4,959.0,Francis Phillips,Joshualand,2334
2091,7,1096.0,Robert Macias,Berryborough,259
2092,16,475.0,John Blair,Mclaughlinport,749
2093,1,384.0,Justin Clayton,North Kristinmouth,1259
2094,6,-389.0,Angel Valdez,New Ericstad,2159
2095,5,48.0,Dana Anderson,West Amy,2814
2096,8,-252.0,Adam Webb,South Jamestown,1038
2097,18,292.0,Charles Durham,West Richardport,2470
2098,10,-274.0,Jacob Clark,Carterchester,1480
2099,7,990.0,Crystal Thompson DDS,New Josephborough,1867
2100,6,306.0,Anthony Johnson,East Juliebury,1275
2101,6,637.0,Christine Stephens,Hollyborough,2710
2102,3,287.0,Melissa Fitzgerald,Port Rickberg,1654
2103,17,1190.0,Mark Moore,New Elizabeth,803
2104,16,-85.0,Elizabeth Ruiz,Guerrerostad,1571
2105,6,277.0,Martin Anderson,Collinsbury,2015
2106,13,1302.0,Joseph Martinez,Sandyfurt,1603
2107,13,1190.0,Nathan Moore,West Drewshire,1438
2108,1,729.0,Wanda Williams,Port Thomasberg,2464
2109,3,264.0,Jordan Johnson,Port Robertmouth,892
2110,10,-484.0,Matthew Garza,New Michael,1258
2111,10,-366.0,Harold Wong,Walkerport,2967
2112,12,4.0,Justin Mathews,West Paul,512
2113,11,-34.0,Anthony Chambers,North Brenda,1188
2114,16,395.0,Melissa Freeman,Greenside,2040
2115,19,1568.0,Darryl Gutierrez,Meganhaven,1429
2116,13,1275.0,Paul Frost,Osborneberg,1663
2117,16,689.0,Frank Romero,Justinfurt,2773
2118,14,1370.0,James Mcneil,Port Ricky,2696
2119,12,1122.0,Tyler Graves,Barnettland,536
2120,17,282.0,Shaun Young,Pinedamouth,1054
2121,13,686.0,Dawn Smith,South Maryhaven,1409
2122,11,861.0,Ethan Ward,South Michellechester,1783
2123,7,852.0,Melissa Ramirez,Reedburgh,232
2124,10,146.0,Brittany Chandler,North Connorview,865
2125,13,-319.0,Victoria Conley,Heatherton,2554
2126,1,231.0,Rebecca Glover,Cassandraborough,882
2127,12,309.0,Mark Reynolds,Smithstad,76
2128,17,-327.0,Megan Diaz,Stevetown,2509
2129,10,-365.0,Jonathan Mcfarland,Kathrynland,2542
2130,13,964.0,Lee Wilkins,East Cindy,2574
2131,8,1310.0,Dawn Warren,Brianmouth,1849
2132,9,918.0,Amy Warren,South Staceyfort,1790
2133,8,-306.0,Annette Copeland,Alexanderton,2409
2134,6,144.0,Megan Reynolds,Nathanielbury,2156
2135,19,516.0,Larry Russo,West Curtismouth,612
2136,13,521.0,Chad Hayes,Schneiderland,1958
2137,2,1443.0,Dr. Amy Taylor,Davidmouth,2734
2138,9,1421.0,Lorraine Day,Davisland,325
2139,9,607.0,Joseph Allen,Jacobbury,2555
2140,16,1207.0,Nicole Blair,Daniellemouth,2667
2141,4,-405.0,Melissa Herrera,Pooleville,2115
2142,11,1091.0,Steven Green,Caseyton,348
2143,9,342.0,Mr. Matthew Simmons Jr.,Daltonshire,970
2144,11,432.0,Heather Gordon,East Melissahaven,2790
2145,11,1394.0,Julie Johnson,Thomasberg,1161
2146,1,662.0,Evelyn Walker,Lake Kristen,1379
2147,19,1031.0,Miguel Fletcher,Greenefort,727
2148,17,-435.0,Alisha Zuniga,South Bruce,1110
2149,16,1480.0,David Long,North Catherine,896
2150,12,999.0,William Nunez,Stephaniebury,434
2151,1,1306.0,Alexandra Robinson,Rachelmouth,1171
2152,5,1005.0,Amber Martin,Gregorychester,1383
2153,17,444.0,Brianna Goodwin,Pughview,2806
2154,3,387.0,Sarah Warren,Greenside,2188
2155,7,-422.0,Amy White,West Brooke,1454
2156,18,245.0,Robert Johnson,Breannaburgh,2740
2157,4,-43.0,Anthony Evans,North Michael,254
2158,19,614.0,Warren Campbell,East Danielle,2390
2159,3,60.0,Francisco Wright,Lake Amber,728
2160,9,795.0,Katie Kane,Randolphmouth,2377
2161,3,233.0,Nicole Watson,Cruzstad,1011
2162,13,75.0,Travis Murphy,North Kristopher,2400
2163,5,1448.0,Tara Perkins,Gonzalezstad,384
2164,16,1447.0,Kevin Maxwell,West Jennifer,2504
2165,4,38.0,Cassandra Mahoney,Duranland,563
2166,7,-17.0,Melissa Taylor,South Matthew,1493
2167,13,1316.0,Kathryn Clark,Larsonshire,1131
2168,18,152.0,Kimberly Smith,Lake Brett,1568
2169,18,351.0,Brian Walsh,West Traceymouth,2982
2170,6,95.0,Justin Butler,Stevenfort,625
2171,18,-99.0,Michael Romero,New Paul,514
2172,17,-118.0,Cynthia Schmidt,West Donna,242
2173,15,873.0,Traci Carey,Lake Matthew,1241
2174,13,469.0,Kyle King,Sethberg,128
2175,13,-446.0,Morgan Carroll,East Kristy,461
2176,6,47.0,Taylor Horton,Kimberlybury,2421
2177,13,759.0,Kayla Lowe,New Susan,1015
2178,17,1029.0,Eric Aguilar,Stevensburgh,2883
2179,4,351.0,Scott Marshall,Moralesbury,1592
2180,11,-227.0,Danielle Brown,Lake Brandon,2384
2181,9,-267.0,Dr. Shelby Bailey,New Meganshire,375
2182,19,1057.0,Gregory Baker,Shannontown,466
2183,8,-443.0,Richard Johnson,West Sherri,655
2184,5,330.0,Christopher Edwards,East Mark,1856
2185,15,327.0,Vincent Wilson,Danielleland,60
2186,14,329.0,Steven Vaughan,Gregoryfurt,1842
2187,7,1499.0,Ryan Good,Sharimouth,2284
2188,19,-227.0,Brent Boyd,Elainemouth,957
2189,1,1588.0,Ms. Melissa Cox DVM,Smithchester,1823
2190,1,655.0,Alicia Strong,South Samanthaport,345
2191,16,-265.0,Christopher Lowery,North Diana,2901
2192,1,1472.0,James Castro,Chavezburgh,2481
2193,1,-477.0,Dana Mendez,North Tonya,1582
2194,17,1175.0,Shannon Turner,Natalieberg,2259
2195,1,437.0,Dana Joseph,Isabellafort,160
2196,7,171.0,Christina Stuart,West Gabrielle,2384
2197,6,-121.0,Cristian Martin,East Christytown,984
2198,15,167.0,Justin Mason,Port Davidfort,1837
2199,3,594.0,Holly Khan,Port Kurtfort,1055
